solid OpenSCAD_Model
  facet normal -0.983614 0.180289 0
    outer loop
      vertex -18.6 17 0.797999
      vertex -18.496 17.5674 2.6
      vertex -18.496 17.5674 0.797999
    endloop
  endfacet
  facet normal -0.983614 0.180289 0
    outer loop
      vertex -18.496 17.5674 2.6
      vertex -18.6 17 0.797999
      vertex -18.6 17 2.6
    endloop
  endfacet
  facet normal -0.0854509 0.703638 -0.705402
    outer loop
      vertex -17 17.8 0
      vertex -17.3829 18.5535 0.797999
      vertex -17 18.6 0.797999
    endloop
  endfacet
  facet normal -0.822966 -0.56809 0
    outer loop
      vertex -18.1976 -18.061 0.797999
      vertex -18.4167 -17.7436 2.6
      vertex -18.4167 -17.7436 0.797999
    endloop
  endfacet
  facet normal -0.822966 -0.56809 0
    outer loop
      vertex -18.4167 -17.7436 2.6
      vertex -18.1976 -18.061 0.797999
      vertex -18.1976 -18.061 2.6
    endloop
  endfacet
  facet normal 0.520994 0.46155 -0.718009
    outer loop
      vertex 17.7084 17.3718 0
      vertex 17.4545 17.6584 0
      vertex 18.1976 18.061 0.797999
    endloop
  endfacet
  facet normal 0 0.706221 -0.707992
    outer loop
      vertex -17 17.8 0
      vertex 17 18.6 0.797999
      vertex 17 17.8 0
    endloop
  endfacet
  facet normal 0 0.706221 -0.707992
    outer loop
      vertex 17 18.6 0.797999
      vertex -17 17.8 0
      vertex -17 18.6 0.797999
    endloop
  endfacet
  facet normal -0.120556 0.992707 0
    outer loop
      vertex -17 18.6 0.797999
      vertex -17.3829 18.5535 2.6
      vertex -17 18.6 2.6
    endloop
  endfacet
  facet normal -0.120556 0.992707 0
    outer loop
      vertex -17.3829 18.5535 2.6
      vertex -17 18.6 0.797999
      vertex -17.3829 18.5535 0.797999
    endloop
  endfacet
  facet normal 0 -1 0
    outer loop
      vertex -17 -18.6 0.797999
      vertex 17 -18.6 2.6
      vertex -17 -18.6 2.6
    endloop
  endfacet
  facet normal 0 -1 -0
    outer loop
      vertex 17 -18.6 2.6
      vertex -17 -18.6 0.797999
      vertex 17 -18.6 0.797999
    endloop
  endfacet
  facet normal 0.983614 -0.180289 0
    outer loop
      vertex 18.496 -17.5674 2.6
      vertex 18.6 -17 0.797999
      vertex 18.6 -17 2.6
    endloop
  endfacet
  facet normal 0.983614 -0.180289 0
    outer loop
      vertex 18.6 -17 0.797999
      vertex 18.496 -17.5674 2.6
      vertex 18.496 -17.5674 0.797999
    endloop
  endfacet
  facet normal 0.1665 -0.675815 -0.71802
    outer loop
      vertex 17.3829 -18.5535 0.797999
      vertex 17 -17.8 0
      vertex 17.3718 -17.7084 0
    endloop
  endfacet
  facet normal -0.706221 0 -0.707992
    outer loop
      vertex -18.6 -17 0.797999
      vertex -17.8 17 0
      vertex -17.8 -17 0
    endloop
  endfacet
  facet normal -0.706221 0 -0.707992
    outer loop
      vertex -17.8 17 0
      vertex -18.6 -17 0.797999
      vertex -18.6 17 0.797999
    endloop
  endfacet
  facet normal 0.47007 0.530529 -0.705389
    outer loop
      vertex 18.1976 18.061 0.797999
      vertex 17.4545 17.6584 0
      vertex 17.9089 18.3168 0.797999
    endloop
  endfacet
  facet normal 1 -0 0
    outer loop
      vertex 18.6 -17 2.6
      vertex 18.6 17 0.797999
      vertex 18.6 17 2.6
    endloop
  endfacet
  facet normal 1 0 0
    outer loop
      vertex 18.6 17 0.797999
      vertex 18.6 -17 2.6
      vertex 18.6 -17 0.797999
    endloop
  endfacet
  facet normal -0.329355 -0.62765 -0.705394
    outer loop
      vertex -17.5674 -18.496 0.797999
      vertex -17.9089 -18.3168 0.797999
      vertex -17.4545 -17.6584 0
    endloop
  endfacet
  facet normal -0.1665 0.675815 -0.71802
    outer loop
      vertex -17.3718 17.7084 0
      vertex -17.3829 18.5535 0.797999
      vertex -17 17.8 0
    endloop
  endfacet
  facet normal 0.0854509 -0.703638 -0.705402
    outer loop
      vertex 17.3829 -18.5535 0.797999
      vertex 17 -18.6 0.797999
      vertex 17 -17.8 0
    endloop
  endfacet
  facet normal 0 1 -0
    outer loop
      vertex 17 18.6 0.797999
      vertex -17 18.6 2.6
      vertex 17 18.6 2.6
    endloop
  endfacet
  facet normal 0 1 0
    outer loop
      vertex -17 18.6 2.6
      vertex 17 18.6 0.797999
      vertex -17 18.6 0.797999
    endloop
  endfacet
  facet normal 0.663172 0.748467 -0
    outer loop
      vertex 18.1976 18.061 0.797999
      vertex 17.9089 18.3168 2.6
      vertex 18.1976 18.061 2.6
    endloop
  endfacet
  facet normal 0.663172 0.748467 0
    outer loop
      vertex 17.9089 18.3168 2.6
      vertex 18.1976 18.061 0.797999
      vertex 17.9089 18.3168 0.797999
    endloop
  endfacet
  facet normal 0.329355 0.62765 -0.705394
    outer loop
      vertex 17.9089 18.3168 0.797999
      vertex 17.4545 17.6584 0
      vertex 17.5674 18.496 0.797999
    endloop
  endfacet
  facet normal 0.128374 0.700377 -0.702134
    outer loop
      vertex 17.5674 18.496 0.797999
      vertex 17 17.8 0
      vertex 17 18.6 0.797999
    endloop
  endfacet
  facet normal 0.205733 0.66035 -0.722227
    outer loop
      vertex 17.4545 17.6584 0
      vertex 17 17.8 0
      vertex 17.5674 18.496 0.797999
    endloop
  endfacet
  facet normal -0.530529 0.47007 -0.705389
    outer loop
      vertex -17.6584 17.4545 0
      vertex -18.3168 17.9089 0.797999
      vertex -18.061 18.1976 0.797999
    endloop
  endfacet
  facet normal 0.402677 -0.58334 -0.705383
    outer loop
      vertex 17.7436 -18.4167 0.797999
      vertex 17.3718 -17.7084 0
      vertex 18.061 -18.1976 0.797999
    endloop
  endfacet
  facet normal -0.675815 -0.1665 -0.71802
    outer loop
      vertex -17.7084 -17.3718 0
      vertex -18.5535 -17.3829 0.797999
      vertex -17.8 -17 0
    endloop
  endfacet
  facet normal -0.992707 -0.120556 0
    outer loop
      vertex -18.5535 -17.3829 0.797999
      vertex -18.6 -17 2.6
      vertex -18.6 -17 0.797999
    endloop
  endfacet
  facet normal -0.992707 -0.120556 0
    outer loop
      vertex -18.6 -17 2.6
      vertex -18.5535 -17.3829 0.797999
      vertex -18.5535 -17.3829 2.6
    endloop
  endfacet
  facet normal 0.58334 0.402677 -0.705383
    outer loop
      vertex 18.4167 17.7436 0.797999
      vertex 17.7084 17.3718 0
      vertex 18.1976 18.061 0.797999
    endloop
  endfacet
  facet normal -0.56809 0.822966 0
    outer loop
      vertex -17.7436 18.4167 0.797999
      vertex -18.061 18.1976 2.6
      vertex -17.7436 18.4167 2.6
    endloop
  endfacet
  facet normal -0.56809 0.822966 0
    outer loop
      vertex -18.061 18.1976 2.6
      vertex -17.7436 18.4167 0.797999
      vertex -18.061 18.1976 0.797999
    endloop
  endfacet
  facet normal -0.47007 -0.530529 -0.705389
    outer loop
      vertex -17.9089 -18.3168 0.797999
      vertex -18.1976 -18.061 0.797999
      vertex -17.4545 -17.6584 0
    endloop
  endfacet
  facet normal 0.706221 0 -0.707992
    outer loop
      vertex 17.8 -17 0
      vertex 18.6 17 0.797999
      vertex 18.6 -17 0.797999
    endloop
  endfacet
  facet normal 0.706221 0 -0.707992
    outer loop
      vertex 18.6 17 0.797999
      vertex 17.8 -17 0
      vertex 17.8 17 0
    endloop
  endfacet
  facet normal 0.935012 0.354615 0
    outer loop
      vertex 18.5535 17.3829 2.6
      vertex 18.4167 17.7436 0.797999
      vertex 18.4167 17.7436 2.6
    endloop
  endfacet
  facet normal 0.935012 0.354615 0
    outer loop
      vertex 18.4167 17.7436 0.797999
      vertex 18.5535 17.3829 2.6
      vertex 18.5535 17.3829 0.797999
    endloop
  endfacet
  facet normal 0.180289 0.983614 -0
    outer loop
      vertex 17.5674 18.496 0.797999
      vertex 17 18.6 2.6
      vertex 17.5674 18.496 2.6
    endloop
  endfacet
  facet normal 0.180289 0.983614 0
    outer loop
      vertex 17 18.6 2.6
      vertex 17.5674 18.496 0.797999
      vertex 17 18.6 0.797999
    endloop
  endfacet
  facet normal -0.251362 0.662764 -0.70538
    outer loop
      vertex -17.3718 17.7084 0
      vertex -17.7436 18.4167 0.797999
      vertex -17.3829 18.5535 0.797999
    endloop
  endfacet
  facet normal -0.46155 0.520994 -0.718009
    outer loop
      vertex -17.6584 17.4545 0
      vertex -18.061 18.1976 0.797999
      vertex -17.3718 17.7084 0
    endloop
  endfacet
  facet normal 0.703638 0.0854509 -0.705402
    outer loop
      vertex 18.6 17 0.797999
      vertex 17.8 17 0
      vertex 18.5535 17.3829 0.797999
    endloop
  endfacet
  facet normal 0 -0.706221 -0.707992
    outer loop
      vertex -17 -18.6 0.797999
      vertex 17 -17.8 0
      vertex 17 -18.6 0.797999
    endloop
  endfacet
  facet normal -0 -0.706221 -0.707992
    outer loop
      vertex 17 -17.8 0
      vertex -17 -18.6 0.797999
      vertex -17 -17.8 0
    endloop
  endfacet
  facet normal -0.748467 0.663172 0
    outer loop
      vertex -18.3168 17.9089 0.797999
      vertex -18.061 18.1976 2.6
      vertex -18.061 18.1976 0.797999
    endloop
  endfacet
  facet normal -0.748467 0.663172 0
    outer loop
      vertex -18.061 18.1976 2.6
      vertex -18.3168 17.9089 0.797999
      vertex -18.3168 17.9089 2.6
    endloop
  endfacet
  facet normal -0.62765 0.329355 -0.705394
    outer loop
      vertex -17.6584 17.4545 0
      vertex -18.496 17.5674 0.797999
      vertex -18.3168 17.9089 0.797999
    endloop
  endfacet
  facet normal -0.66035 0.205733 -0.722227
    outer loop
      vertex -17.8 17 0
      vertex -18.496 17.5674 0.797999
      vertex -17.6584 17.4545 0
    endloop
  endfacet
  facet normal 0.464656 0.885491 -0
    outer loop
      vertex 17.9089 18.3168 0.797999
      vertex 17.5674 18.496 2.6
      vertex 17.9089 18.3168 2.6
    endloop
  endfacet
  facet normal 0.464656 0.885491 0
    outer loop
      vertex 17.5674 18.496 2.6
      vertex 17.9089 18.3168 0.797999
      vertex 17.5674 18.496 0.797999
    endloop
  endfacet
  facet normal 0.662764 0.251362 -0.70538
    outer loop
      vertex 18.5535 17.3829 0.797999
      vertex 17.7084 17.3718 0
      vertex 18.4167 17.7436 0.797999
    endloop
  endfacet
  facet normal 0.675815 0.1665 -0.71802
    outer loop
      vertex 17.8 17 0
      vertex 17.7084 17.3718 0
      vertex 18.5535 17.3829 0.797999
    endloop
  endfacet
  facet normal 0.120556 -0.992707 0
    outer loop
      vertex 17 -18.6 0.797999
      vertex 17.3829 -18.5535 2.6
      vertex 17 -18.6 2.6
    endloop
  endfacet
  facet normal 0.120556 -0.992707 0
    outer loop
      vertex 17.3829 -18.5535 2.6
      vertex 17 -18.6 0.797999
      vertex 17.3829 -18.5535 0.797999
    endloop
  endfacet
  facet normal -0.402677 0.58334 -0.705383
    outer loop
      vertex -17.3718 17.7084 0
      vertex -18.061 18.1976 0.797999
      vertex -17.7436 18.4167 0.797999
    endloop
  endfacet
  facet normal 0.251362 -0.662764 -0.70538
    outer loop
      vertex 17.3829 -18.5535 0.797999
      vertex 17.3718 -17.7084 0
      vertex 17.7436 -18.4167 0.797999
    endloop
  endfacet
  facet normal -0.935012 -0.354615 0
    outer loop
      vertex -18.4167 -17.7436 0.797999
      vertex -18.5535 -17.3829 2.6
      vertex -18.5535 -17.3829 0.797999
    endloop
  endfacet
  facet normal -0.935012 -0.354615 0
    outer loop
      vertex -18.5535 -17.3829 2.6
      vertex -18.4167 -17.7436 0.797999
      vertex -18.4167 -17.7436 2.6
    endloop
  endfacet
  facet normal -1 0 0
    outer loop
      vertex -18.6 -17 0.797999
      vertex -18.6 17 2.6
      vertex -18.6 17 0.797999
    endloop
  endfacet
  facet normal -1 -0 0
    outer loop
      vertex -18.6 17 2.6
      vertex -18.6 -17 0.797999
      vertex -18.6 -17 2.6
    endloop
  endfacet
  facet normal 0.46155 -0.520994 -0.718009
    outer loop
      vertex 18.061 -18.1976 0.797999
      vertex 17.3718 -17.7084 0
      vertex 17.6584 -17.4545 0
    endloop
  endfacet
  facet normal 0.822966 0.56809 0
    outer loop
      vertex 18.4167 17.7436 2.6
      vertex 18.1976 18.061 0.797999
      vertex 18.1976 18.061 2.6
    endloop
  endfacet
  facet normal 0.822966 0.56809 0
    outer loop
      vertex 18.1976 18.061 0.797999
      vertex 18.4167 17.7436 2.6
      vertex 18.4167 17.7436 0.797999
    endloop
  endfacet
  facet normal -0.180289 -0.983614 0
    outer loop
      vertex -17.5674 -18.496 0.797999
      vertex -17 -18.6 2.6
      vertex -17.5674 -18.496 2.6
    endloop
  endfacet
  facet normal -0.180289 -0.983614 -0
    outer loop
      vertex -17 -18.6 2.6
      vertex -17.5674 -18.496 0.797999
      vertex -17 -18.6 0.797999
    endloop
  endfacet
  facet normal -0.885491 0.464656 0
    outer loop
      vertex -18.496 17.5674 0.797999
      vertex -18.3168 17.9089 2.6
      vertex -18.3168 17.9089 0.797999
    endloop
  endfacet
  facet normal -0.885491 0.464656 0
    outer loop
      vertex -18.3168 17.9089 2.6
      vertex -18.496 17.5674 0.797999
      vertex -18.496 17.5674 2.6
    endloop
  endfacet
  facet normal -0.700377 0.128374 -0.702134
    outer loop
      vertex -17.8 17 0
      vertex -18.6 17 0.797999
      vertex -18.496 17.5674 0.797999
    endloop
  endfacet
  facet normal -0.464656 -0.885491 0
    outer loop
      vertex -17.9089 -18.3168 0.797999
      vertex -17.5674 -18.496 2.6
      vertex -17.9089 -18.3168 2.6
    endloop
  endfacet
  facet normal -0.464656 -0.885491 -0
    outer loop
      vertex -17.5674 -18.496 2.6
      vertex -17.9089 -18.3168 0.797999
      vertex -17.5674 -18.496 0.797999
    endloop
  endfacet
  facet normal 0.992707 0.120556 0
    outer loop
      vertex 18.6 17 2.6
      vertex 18.5535 17.3829 0.797999
      vertex 18.5535 17.3829 2.6
    endloop
  endfacet
  facet normal 0.992707 0.120556 0
    outer loop
      vertex 18.5535 17.3829 0.797999
      vertex 18.6 17 2.6
      vertex 18.6 17 0.797999
    endloop
  endfacet
  facet normal -0.354615 0.935012 0
    outer loop
      vertex -17.3829 18.5535 0.797999
      vertex -17.7436 18.4167 2.6
      vertex -17.3829 18.5535 2.6
    endloop
  endfacet
  facet normal -0.354615 0.935012 0
    outer loop
      vertex -17.7436 18.4167 2.6
      vertex -17.3829 18.5535 0.797999
      vertex -17.7436 18.4167 0.797999
    endloop
  endfacet
  facet normal 0.885491 -0.464656 0
    outer loop
      vertex 18.3168 -17.9089 2.6
      vertex 18.496 -17.5674 0.797999
      vertex 18.496 -17.5674 2.6
    endloop
  endfacet
  facet normal 0.885491 -0.464656 0
    outer loop
      vertex 18.496 -17.5674 0.797999
      vertex 18.3168 -17.9089 2.6
      vertex 18.3168 -17.9089 0.797999
    endloop
  endfacet
  facet normal -0.703638 -0.0854509 -0.705402
    outer loop
      vertex -18.5535 -17.3829 0.797999
      vertex -18.6 -17 0.797999
      vertex -17.8 -17 0
    endloop
  endfacet
  facet normal 0.66035 -0.205733 -0.722227
    outer loop
      vertex 18.496 -17.5674 0.797999
      vertex 17.6584 -17.4545 0
      vertex 17.8 -17 0
    endloop
  endfacet
  facet normal 0.700377 -0.128374 -0.702134
    outer loop
      vertex 18.496 -17.5674 0.797999
      vertex 17.8 -17 0
      vertex 18.6 -17 0.797999
    endloop
  endfacet
  facet normal -0.520994 -0.46155 -0.718009
    outer loop
      vertex -17.4545 -17.6584 0
      vertex -18.1976 -18.061 0.797999
      vertex -17.7084 -17.3718 0
    endloop
  endfacet
  facet normal 0 0 -1
    outer loop
      vertex 17 17.8 0
      vertex 17.8 17 0
      vertex 17.8 -17 0
    endloop
  endfacet
  facet normal 0 0 -1
    outer loop
      vertex 17 -17.8 0
      vertex 17.8 -17 0
      vertex 17.6584 -17.4545 0
    endloop
  endfacet
  facet normal 0 0 -1
    outer loop
      vertex 17 17.8 0
      vertex 17.8 -17 0
      vertex 17 -17.8 0
    endloop
  endfacet
  facet normal 0 0 -1
    outer loop
      vertex 17 -17.8 0
      vertex 17.6584 -17.4545 0
      vertex 17.3718 -17.7084 0
    endloop
  endfacet
  facet normal 0 0 -1
    outer loop
      vertex 17.8 17 0
      vertex 17 17.8 0
      vertex 17.7084 17.3718 0
    endloop
  endfacet
  facet normal 0 0 -1
    outer loop
      vertex 17.7084 17.3718 0
      vertex 17 17.8 0
      vertex 17.4545 17.6584 0
    endloop
  endfacet
  facet normal 0 0 -1
    outer loop
      vertex -17 -17.8 0
      vertex 17 17.8 0
      vertex 17 -17.8 0
    endloop
  endfacet
  facet normal 0 0 -1
    outer loop
      vertex -17 -17.8 0
      vertex -17 17.8 0
      vertex 17 17.8 0
    endloop
  endfacet
  facet normal 0 0 -1
    outer loop
      vertex -17.8 17 0
      vertex -17 17.8 0
      vertex -17 -17.8 0
    endloop
  endfacet
  facet normal 0 0 -1
    outer loop
      vertex -17.8 -17 0
      vertex -17 -17.8 0
      vertex -17.4545 -17.6584 0
    endloop
  endfacet
  facet normal 0 0 -1
    outer loop
      vertex -17.8 17 0
      vertex -17 -17.8 0
      vertex -17.8 -17 0
    endloop
  endfacet
  facet normal 0 0 -1
    outer loop
      vertex -17.8 -17 0
      vertex -17.4545 -17.6584 0
      vertex -17.7084 -17.3718 0
    endloop
  endfacet
  facet normal 0 0 -1
    outer loop
      vertex -17 17.8 0
      vertex -17.8 17 0
      vertex -17.3718 17.7084 0
    endloop
  endfacet
  facet normal 0 0 -1
    outer loop
      vertex -17.3718 17.7084 0
      vertex -17.8 17 0
      vertex -17.6584 17.4545 0
    endloop
  endfacet
  facet normal 0.354615 -0.935012 0
    outer loop
      vertex 17.3829 -18.5535 0.797999
      vertex 17.7436 -18.4167 2.6
      vertex 17.3829 -18.5535 2.6
    endloop
  endfacet
  facet normal 0.354615 -0.935012 0
    outer loop
      vertex 17.7436 -18.4167 2.6
      vertex 17.3829 -18.5535 0.797999
      vertex 17.7436 -18.4167 0.797999
    endloop
  endfacet
  facet normal -0.662764 -0.251362 -0.70538
    outer loop
      vertex -18.4167 -17.7436 0.797999
      vertex -18.5535 -17.3829 0.797999
      vertex -17.7084 -17.3718 0
    endloop
  endfacet
  facet normal -0.58334 -0.402677 -0.705383
    outer loop
      vertex -18.1976 -18.061 0.797999
      vertex -18.4167 -17.7436 0.797999
      vertex -17.7084 -17.3718 0
    endloop
  endfacet
  facet normal 0.56809 -0.822966 0
    outer loop
      vertex 17.7436 -18.4167 0.797999
      vertex 18.061 -18.1976 2.6
      vertex 17.7436 -18.4167 2.6
    endloop
  endfacet
  facet normal 0.56809 -0.822966 0
    outer loop
      vertex 18.061 -18.1976 2.6
      vertex 17.7436 -18.4167 0.797999
      vertex 18.061 -18.1976 0.797999
    endloop
  endfacet
  facet normal 0.530529 -0.47007 -0.705389
    outer loop
      vertex 18.061 -18.1976 0.797999
      vertex 17.6584 -17.4545 0
      vertex 18.3168 -17.9089 0.797999
    endloop
  endfacet
  facet normal 0.62765 -0.329355 -0.705394
    outer loop
      vertex 18.3168 -17.9089 0.797999
      vertex 17.6584 -17.4545 0
      vertex 18.496 -17.5674 0.797999
    endloop
  endfacet
  facet normal -0.205733 -0.66035 -0.722227
    outer loop
      vertex -17 -17.8 0
      vertex -17.5674 -18.496 0.797999
      vertex -17.4545 -17.6584 0
    endloop
  endfacet
  facet normal -0.128374 -0.700377 -0.702134
    outer loop
      vertex -17 -18.6 0.797999
      vertex -17.5674 -18.496 0.797999
      vertex -17 -17.8 0
    endloop
  endfacet
  facet normal -0.663172 -0.748467 0
    outer loop
      vertex -18.1976 -18.061 0.797999
      vertex -17.9089 -18.3168 2.6
      vertex -18.1976 -18.061 2.6
    endloop
  endfacet
  facet normal -0.663172 -0.748467 -0
    outer loop
      vertex -17.9089 -18.3168 2.6
      vertex -18.1976 -18.061 0.797999
      vertex -17.9089 -18.3168 0.797999
    endloop
  endfacet
  facet normal 0.748467 -0.663172 0
    outer loop
      vertex 18.061 -18.1976 2.6
      vertex 18.3168 -17.9089 0.797999
      vertex 18.3168 -17.9089 2.6
    endloop
  endfacet
  facet normal 0.748467 -0.663172 0
    outer loop
      vertex 18.3168 -17.9089 0.797999
      vertex 18.061 -18.1976 2.6
      vertex 18.061 -18.1976 0.797999
    endloop
  endfacet
  facet normal -0.52758 0.467457 -0.709326
    outer loop
      vertex -18.3168 17.9089 2.6
      vertex -19.8221 19.4694 4.748
      vertex -18.061 18.1976 2.6
    endloop
  endfacet
  facet normal -0.706778 0 -0.707436
    outer loop
      vertex -20.75 -17 4.748
      vertex -18.6 17 2.6
      vertex -18.6 -17 2.6
    endloop
  endfacet
  facet normal -0.706778 0 -0.707436
    outer loop
      vertex -18.6 17 2.6
      vertex -20.75 -17 4.748
      vertex -20.75 17 4.748
    endloop
  endfacet
  facet normal -0.326361 0.627903 -0.70656
    outer loop
      vertex -17.7436 18.4167 2.6
      vertex -18.9037 20.2308 4.748
      vertex -18.5495 20.4149 4.748
    endloop
  endfacet
  facet normal 0.552617 -0.833435 0
    outer loop
      vertex 18.9037 -20.2308 4.748
      vertex 19.2364 -20.0102 46.4
      vertex 18.9037 -20.2308 46.4
    endloop
  endfacet
  facet normal 0.552617 -0.833435 0
    outer loop
      vertex 19.2364 -20.0102 46.4
      vertex 18.9037 -20.2308 4.748
      vertex 19.2364 -20.0102 4.748
    endloop
  endfacet
  facet normal -0.112428 0.697762 -0.707452
    outer loop
      vertex -17.3829 18.5535 2.6
      vertex -17.7927 20.6653 4.748
      vertex -17.3986 20.7288 4.748
    endloop
  endfacet
  facet normal -0.0531111 0.998589 0
    outer loop
      vertex -17 20.75 4.748
      vertex -17.3986 20.7288 46.4
      vertex -17 20.75 46.4
    endloop
  endfacet
  facet normal -0.0531111 0.998589 0
    outer loop
      vertex -17.3986 20.7288 46.4
      vertex -17 20.75 4.748
      vertex -17.3986 20.7288 4.748
    endloop
  endfacet
  facet normal -0.638285 0.7698 0
    outer loop
      vertex -19.2364 20.0102 4.748
      vertex -19.5437 19.7554 46.4
      vertex -19.2364 20.0102 46.4
    endloop
  endfacet
  facet normal -0.638285 0.7698 0
    outer loop
      vertex -19.5437 19.7554 46.4
      vertex -19.2364 20.0102 4.748
      vertex -19.5437 19.7554 4.748
    endloop
  endfacet
  facet normal -0.697522 -0.716563 0
    outer loop
      vertex -19.7554 -19.5437 4.748
      vertex -19.4694 -19.8221 46.4
      vertex -19.7554 -19.5437 46.4
    endloop
  endfacet
  facet normal -0.697522 -0.716563 -0
    outer loop
      vertex -19.4694 -19.8221 46.4
      vertex -19.7554 -19.5437 4.748
      vertex -19.4694 -19.8221 4.748
    endloop
  endfacet
  facet normal 0.699775 0.0849819 -0.70929
    outer loop
      vertex 18.6 17 2.6
      vertex 18.5535 17.3829 2.6
      vertex 20.7288 17.3986 4.748
    endloop
  endfacet
  facet normal -0.375296 -0.599623 -0.706827
    outer loop
      vertex -18.8171 -20.2804 4.748
      vertex -19.1555 -20.0686 4.748
      vertex -17.9089 -18.3168 2.6
    endloop
  endfacet
  facet normal 0 1 -0
    outer loop
      vertex 17 20.75 4.748
      vertex -17 20.75 46.4
      vertex 17 20.75 46.4
    endloop
  endfacet
  facet normal 0 1 0
    outer loop
      vertex -17 20.75 46.4
      vertex 17 20.75 4.748
      vertex -17 20.75 4.748
    endloop
  endfacet
  facet normal 0.250158 -0.65959 -0.708775
    outer loop
      vertex 18.1778 -20.5602 4.748
      vertex 17.3829 -18.5535 2.6
      vertex 17.7436 -18.4167 2.6
    endloop
  endfacet
  facet normal -0.467457 -0.52758 -0.709326
    outer loop
      vertex -17.9089 -18.3168 2.6
      vertex -19.4694 -19.8221 4.748
      vertex -18.1976 -18.061 2.6
    endloop
  endfacet
  facet normal 0.833435 0.552617 0
    outer loop
      vertex 20.2308 18.9037 46.4
      vertex 20.0102 19.2364 4.748
      vertex 20.0102 19.2364 46.4
    endloop
  endfacet
  facet normal 0.833435 0.552617 0
    outer loop
      vertex 20.0102 19.2364 4.748
      vertex 20.2308 18.9037 46.4
      vertex 20.2308 18.9037 4.748
    endloop
  endfacet
  facet normal -0.599623 0.375296 -0.706827
    outer loop
      vertex -18.3168 17.9089 2.6
      vertex -20.2804 18.8171 4.748
      vertex -20.0686 19.1555 4.748
    endloop
  endfacet
  facet normal 0.657586 0.257055 -0.708169
    outer loop
      vertex 20.5602 18.1778 4.748
      vertex 18.4167 17.7436 2.6
      vertex 20.4149 18.5495 4.748
    endloop
  endfacet
  facet normal -0.159075 0.987267 0
    outer loop
      vertex -17.3986 20.7288 4.748
      vertex -17.7927 20.6653 46.4
      vertex -17.3986 20.7288 46.4
    endloop
  endfacet
  facet normal -0.159075 0.987267 0
    outer loop
      vertex -17.7927 20.6653 46.4
      vertex -17.3986 20.7288 4.748
      vertex -17.7927 20.6653 4.748
    endloop
  endfacet
  facet normal -0.461187 0.887303 0
    outer loop
      vertex -18.5495 20.4149 4.748
      vertex -18.9037 20.2308 46.4
      vertex -18.5495 20.4149 46.4
    endloop
  endfacet
  facet normal -0.461187 0.887303 0
    outer loop
      vertex -18.9037 20.2308 46.4
      vertex -18.5495 20.4149 4.748
      vertex -18.9037 20.2308 4.748
    endloop
  endfacet
  facet normal 0.390303 -0.588639 -0.707933
    outer loop
      vertex 18.9037 -20.2308 4.748
      vertex 17.7436 -18.4167 2.6
      vertex 19.2364 -20.0102 4.748
    endloop
  endfacet
  facet normal 0.0531111 -0.998589 0
    outer loop
      vertex 17 -20.75 4.748
      vertex 17.3986 -20.7288 46.4
      vertex 17 -20.75 46.4
    endloop
  endfacet
  facet normal 0.0531111 -0.998589 0
    outer loop
      vertex 17.3986 -20.7288 46.4
      vertex 17 -20.75 4.748
      vertex 17.3986 -20.7288 4.748
    endloop
  endfacet
  facet normal 0.697522 0.716563 -0
    outer loop
      vertex 19.7554 19.5437 4.748
      vertex 19.4694 19.8221 46.4
      vertex 19.7554 19.5437 46.4
    endloop
  endfacet
  facet normal 0.697522 0.716563 0
    outer loop
      vertex 19.4694 19.8221 46.4
      vertex 19.7554 19.5437 4.748
      vertex 19.4694 19.8221 4.748
    endloop
  endfacet
  facet normal -0.186294 0.682605 -0.706643
    outer loop
      vertex -17.3829 18.5535 2.6
      vertex -18.1778 20.5602 4.748
      vertex -17.7927 20.6653 4.748
    endloop
  endfacet
  facet normal -0.706499 0.0280994 -0.707156
    outer loop
      vertex -18.6 17 2.6
      vertex -20.75 17 4.748
      vertex -20.7381 17.2992 4.748
    endloop
  endfacet
  facet normal 0.635488 -0.308893 -0.70763
    outer loop
      vertex 20.2804 -18.8171 4.748
      vertex 18.496 -17.5674 2.6
      vertex 20.4549 -18.4581 4.748
    endloop
  endfacet
  facet normal 0 -0.706778 -0.707436
    outer loop
      vertex -17 -20.75 4.748
      vertex 17 -18.6 2.6
      vertex 17 -20.75 4.748
    endloop
  endfacet
  facet normal -0 -0.706778 -0.707436
    outer loop
      vertex 17 -18.6 2.6
      vertex -17 -20.75 4.748
      vertex -17 -18.6 2.6
    endloop
  endfacet
  facet normal -0.69097 0.126649 -0.711703
    outer loop
      vertex -18.6 17 2.6
      vertex -20.6851 17.6948 4.748
      vertex -18.496 17.5674 2.6
    endloop
  endfacet
  facet normal 0.991145 -0.132787 0
    outer loop
      vertex 20.6851 -17.6948 46.4
      vertex 20.7381 -17.2992 4.748
      vertex 20.7381 -17.2992 46.4
    endloop
  endfacet
  facet normal 0.991145 -0.132787 0
    outer loop
      vertex 20.7381 -17.2992 4.748
      vertex 20.6851 -17.6948 46.4
      vertex 20.6851 -17.6948 4.748
    endloop
  endfacet
  facet normal 0 -1 0
    outer loop
      vertex -17 -20.75 4.748
      vertex 17 -20.75 46.4
      vertex -17 -20.75 46.4
    endloop
  endfacet
  facet normal 0 -1 -0
    outer loop
      vertex 17 -20.75 46.4
      vertex -17 -20.75 4.748
      vertex 17 -20.75 4.748
    endloop
  endfacet
  facet normal 1 -0 0
    outer loop
      vertex 20.75 -17 46.4
      vertex 20.75 17 4.748
      vertex 20.75 17 46.4
    endloop
  endfacet
  facet normal 1 0 0
    outer loop
      vertex 20.75 17 4.748
      vertex 20.75 -17 46.4
      vertex 20.75 -17 4.748
    endloop
  endfacet
  facet normal 0.987267 0.159075 0
    outer loop
      vertex 20.7288 17.3986 46.4
      vertex 20.6653 17.7927 4.748
      vertex 20.6653 17.7927 46.4
    endloop
  endfacet
  facet normal 0.987267 0.159075 0
    outer loop
      vertex 20.6653 17.7927 4.748
      vertex 20.7288 17.3986 46.4
      vertex 20.7288 17.3986 4.748
    endloop
  endfacet
  facet normal 0.0849819 -0.699775 -0.70929
    outer loop
      vertex 17.3986 -20.7288 4.748
      vertex 17 -18.6 2.6
      vertex 17.3829 -18.5535 2.6
    endloop
  endfacet
  facet normal 0.887303 0.461187 0
    outer loop
      vertex 20.4149 18.5495 46.4
      vertex 20.2308 18.9037 4.748
      vertex 20.2308 18.9037 46.4
    endloop
  endfacet
  facet normal 0.887303 0.461187 0
    outer loop
      vertex 20.2308 18.9037 4.748
      vertex 20.4149 18.5495 46.4
      vertex 20.4149 18.5495 4.748
    endloop
  endfacet
  facet normal -0.364078 0.931368 0
    outer loop
      vertex -18.1778 20.5602 4.748
      vertex -18.5495 20.4149 46.4
      vertex -18.1778 20.5602 46.4
    endloop
  endfacet
  facet normal -0.364078 0.931368 0
    outer loop
      vertex -18.5495 20.4149 46.4
      vertex -18.1778 20.5602 4.748
      vertex -18.5495 20.4149 4.748
    endloop
  endfacet
  facet normal -0.530539 -0.84766 0
    outer loop
      vertex -19.1555 -20.0686 4.748
      vertex -18.8171 -20.2804 46.4
      vertex -19.1555 -20.0686 46.4
    endloop
  endfacet
  facet normal -0.530539 -0.84766 -0
    outer loop
      vertex -18.8171 -20.2804 46.4
      vertex -19.1555 -20.0686 4.748
      vertex -18.8171 -20.2804 4.748
    endloop
  endfacet
  facet normal 0.308893 0.635488 -0.70763
    outer loop
      vertex 18.8171 20.2804 4.748
      vertex 17.5674 18.496 2.6
      vertex 18.4581 20.4549 4.748
    endloop
  endfacet
  facet normal -0.685486 0.167571 -0.70854
    outer loop
      vertex -18.496 17.5674 2.6
      vertex -20.6851 17.6948 4.748
      vertex -20.5903 18.0826 4.748
    endloop
  endfacet
  facet normal -0.682605 -0.186294 -0.706643
    outer loop
      vertex -20.5602 -18.1778 4.748
      vertex -20.6653 -17.7927 4.748
      vertex -18.5535 -17.3829 2.6
    endloop
  endfacet
  facet normal -1 0 0
    outer loop
      vertex -20.75 -17 4.748
      vertex -20.75 17 46.4
      vertex -20.75 17 4.748
    endloop
  endfacet
  facet normal -1 -0 0
    outer loop
      vertex -20.75 17 46.4
      vertex -20.75 -17 4.748
      vertex -20.75 -17 46.4
    endloop
  endfacet
  facet normal -0.706279 -0.0375643 -0.706936
    outer loop
      vertex -20.7288 -17.3986 4.748
      vertex -20.75 -17 4.748
      vertex -18.6 -17 2.6
    endloop
  endfacet
  facet normal -0.99921 0.0397413 0
    outer loop
      vertex -20.75 17 4.748
      vertex -20.7381 17.2992 46.4
      vertex -20.7381 17.2992 4.748
    endloop
  endfacet
  facet normal -0.99921 0.0397413 0
    outer loop
      vertex -20.7381 17.2992 46.4
      vertex -20.75 17 4.748
      vertex -20.75 17 46.4
    endloop
  endfacet
  facet normal 0.400632 -0.580377 -0.708983
    outer loop
      vertex 19.2364 -20.0102 4.748
      vertex 17.7436 -18.4167 2.6
      vertex 18.061 -18.1976 2.6
    endloop
  endfacet
  facet normal -0.69907 0.093657 -0.708893
    outer loop
      vertex -18.6 17 2.6
      vertex -20.7381 17.2992 4.748
      vertex -20.6851 17.6948 4.748
    endloop
  endfacet
  facet normal -0.887303 -0.461187 0
    outer loop
      vertex -20.2308 -18.9037 4.748
      vertex -20.4149 -18.5495 46.4
      vertex -20.4149 -18.5495 4.748
    endloop
  endfacet
  facet normal -0.887303 -0.461187 0
    outer loop
      vertex -20.4149 -18.5495 46.4
      vertex -20.2308 -18.9037 4.748
      vertex -20.2308 -18.9037 46.4
    endloop
  endfacet
  facet normal -0.126649 -0.69097 -0.711703
    outer loop
      vertex -17 -18.6 2.6
      vertex -17.6948 -20.6851 4.748
      vertex -17.5674 -18.496 2.6
    endloop
  endfacet
  facet normal 0.506563 -0.493102 -0.707279
    outer loop
      vertex 19.5437 -19.7554 4.748
      vertex 18.061 -18.1976 2.6
      vertex 19.8221 -19.4694 4.748
    endloop
  endfacet
  facet normal -0.998589 -0.0531111 0
    outer loop
      vertex -20.7288 -17.3986 4.748
      vertex -20.75 -17 46.4
      vertex -20.75 -17 4.748
    endloop
  endfacet
  facet normal -0.998589 -0.0531111 0
    outer loop
      vertex -20.75 -17 46.4
      vertex -20.7288 -17.3986 4.748
      vertex -20.7288 -17.3986 46.4
    endloop
  endfacet
  facet normal 0.257055 -0.657586 -0.708169
    outer loop
      vertex 18.1778 -20.5602 4.748
      vertex 17.7436 -18.4167 2.6
      vertex 18.5495 -20.4149 4.748
    endloop
  endfacet
  facet normal 0 0.706778 -0.707436
    outer loop
      vertex -17 18.6 2.6
      vertex 17 20.75 4.748
      vertex 17 18.6 2.6
    endloop
  endfacet
  facet normal 0 0.706778 -0.707436
    outer loop
      vertex 17 20.75 4.748
      vertex -17 18.6 2.6
      vertex -17 20.75 4.748
    endloop
  endfacet
  facet normal -0.257055 0.657586 -0.708169
    outer loop
      vertex -17.7436 18.4167 2.6
      vertex -18.5495 20.4149 4.748
      vertex -18.1778 20.5602 4.748
    endloop
  endfacet
  facet normal 0.339207 0.940712 -0
    outer loop
      vertex 18.4581 20.4549 4.748
      vertex 18.0826 20.5903 46.4
      vertex 18.4581 20.4549 46.4
    endloop
  endfacet
  facet normal 0.339207 0.940712 0
    outer loop
      vertex 18.0826 20.5903 46.4
      vertex 18.4581 20.4549 4.748
      vertex 18.0826 20.5903 4.748
    endloop
  endfacet
  facet normal -0.43675 -0.55617 -0.707053
    outer loop
      vertex -19.1555 -20.0686 4.748
      vertex -19.4694 -19.8221 4.748
      vertex -17.9089 -18.3168 2.6
    endloop
  endfacet
  facet normal -0.250158 0.65959 -0.708775
    outer loop
      vertex -17.7436 18.4167 2.6
      vertex -18.1778 20.5602 4.748
      vertex -17.3829 18.5535 2.6
    endloop
  endfacet
  facet normal -0.617611 -0.786484 0
    outer loop
      vertex -19.4694 -19.8221 4.748
      vertex -19.1555 -20.0686 46.4
      vertex -19.4694 -19.8221 46.4
    endloop
  endfacet
  facet normal -0.617611 -0.786484 -0
    outer loop
      vertex -19.1555 -20.0686 46.4
      vertex -19.4694 -19.8221 4.748
      vertex -19.1555 -20.0686 4.748
    endloop
  endfacet
  facet normal 0.126649 0.69097 -0.711703
    outer loop
      vertex 17.5674 18.496 2.6
      vertex 17 18.6 2.6
      vertex 17.6948 20.6851 4.748
    endloop
  endfacet
  facet normal 0.99921 -0.0397413 0
    outer loop
      vertex 20.7381 -17.2992 46.4
      vertex 20.75 -17 4.748
      vertex 20.75 -17 46.4
    endloop
  endfacet
  facet normal 0.99921 -0.0397413 0
    outer loop
      vertex 20.75 -17 4.748
      vertex 20.7381 -17.2992 46.4
      vertex 20.7381 -17.2992 4.748
    endloop
  endfacet
  facet normal 0.69097 -0.126649 -0.711703
    outer loop
      vertex 20.6851 -17.6948 4.748
      vertex 18.496 -17.5674 2.6
      vertex 18.6 -17 2.6
    endloop
  endfacet
  facet normal 0.159075 -0.987267 0
    outer loop
      vertex 17.3986 -20.7288 4.748
      vertex 17.7927 -20.6653 46.4
      vertex 17.3986 -20.7288 46.4
    endloop
  endfacet
  facet normal 0.159075 -0.987267 0
    outer loop
      vertex 17.7927 -20.6653 46.4
      vertex 17.3986 -20.7288 4.748
      vertex 17.7927 -20.6653 4.748
    endloop
  endfacet
  facet normal -0.697762 -0.112428 -0.707452
    outer loop
      vertex -20.6653 -17.7927 4.748
      vertex -20.7288 -17.3986 4.748
      vertex -18.5535 -17.3829 2.6
    endloop
  endfacet
  facet normal 0.326361 -0.627903 -0.70656
    outer loop
      vertex 18.5495 -20.4149 4.748
      vertex 17.7436 -18.4167 2.6
      vertex 18.9037 -20.2308 4.748
    endloop
  endfacet
  facet normal 0.931368 0.364078 0
    outer loop
      vertex 20.5602 18.1778 46.4
      vertex 20.4149 18.5495 4.748
      vertex 20.4149 18.5495 46.4
    endloop
  endfacet
  facet normal 0.931368 0.364078 0
    outer loop
      vertex 20.4149 18.5495 4.748
      vertex 20.5602 18.1778 46.4
      vertex 20.5602 18.1778 4.748
    endloop
  endfacet
  facet normal -0.588639 -0.390303 -0.707933
    outer loop
      vertex -20.0102 -19.2364 4.748
      vertex -20.2308 -18.9037 4.748
      vertex -18.4167 -17.7436 2.6
    endloop
  endfacet
  facet normal 0.706778 0 -0.707436
    outer loop
      vertex 18.6 -17 2.6
      vertex 20.75 17 4.748
      vertex 20.75 -17 4.748
    endloop
  endfacet
  facet normal 0.706778 0 -0.707436
    outer loop
      vertex 20.75 17 4.748
      vertex 18.6 -17 2.6
      vertex 18.6 17 2.6
    endloop
  endfacet
  facet normal -0.552617 0.833435 0
    outer loop
      vertex -18.9037 20.2308 4.748
      vertex -19.2364 20.0102 46.4
      vertex -18.9037 20.2308 46.4
    endloop
  endfacet
  facet normal -0.552617 0.833435 0
    outer loop
      vertex -19.2364 20.0102 46.4
      vertex -18.9037 20.2308 4.748
      vertex -19.2364 20.0102 4.748
    endloop
  endfacet
  facet normal -0.327588 -0.624281 -0.709196
    outer loop
      vertex -17.5674 -18.496 2.6
      vertex -18.8171 -20.2804 4.748
      vertex -17.9089 -18.3168 2.6
    endloop
  endfacet
  facet normal -0.624281 0.327588 -0.709196
    outer loop
      vertex -18.496 17.5674 2.6
      vertex -20.2804 18.8171 4.748
      vertex -18.3168 17.9089 2.6
    endloop
  endfacet
  facet normal -0.580377 -0.400632 -0.708983
    outer loop
      vertex -18.1976 -18.061 2.6
      vertex -20.0102 -19.2364 4.748
      vertex -18.4167 -17.7436 2.6
    endloop
  endfacet
  facet normal 0.437165 0.899382 -0
    outer loop
      vertex 18.8171 20.2804 4.748
      vertex 18.4581 20.4549 46.4
      vertex 18.8171 20.2804 46.4
    endloop
  endfacet
  facet normal 0.437165 0.899382 0
    outer loop
      vertex 18.4581 20.4549 46.4
      vertex 18.8171 20.2804 4.748
      vertex 18.4581 20.4549 4.748
    endloop
  endfacet
  facet normal -0.55617 0.43675 -0.707053
    outer loop
      vertex -18.3168 17.9089 2.6
      vertex -20.0686 19.1555 4.748
      vertex -19.8221 19.4694 4.748
    endloop
  endfacet
  facet normal 0.112428 -0.697762 -0.707452
    outer loop
      vertex 17.3986 -20.7288 4.748
      vertex 17.3829 -18.5535 2.6
      vertex 17.7927 -20.6653 4.748
    endloop
  endfacet
  facet normal -0.093657 -0.69907 -0.708893
    outer loop
      vertex -17.2992 -20.7381 4.748
      vertex -17.6948 -20.6851 4.748
      vertex -17 -18.6 2.6
    endloop
  endfacet
  facet normal -0.0280994 -0.706499 -0.707156
    outer loop
      vertex -17 -20.75 4.748
      vertex -17.2992 -20.7381 4.748
      vertex -17 -18.6 2.6
    endloop
  endfacet
  facet normal -0.167571 -0.685486 -0.70854
    outer loop
      vertex -17.6948 -20.6851 4.748
      vertex -18.0826 -20.5903 4.748
      vertex -17.5674 -18.496 2.6
    endloop
  endfacet
  facet normal 0.69907 -0.093657 -0.708893
    outer loop
      vertex 20.6851 -17.6948 4.748
      vertex 18.6 -17 2.6
      vertex 20.7381 -17.2992 4.748
    endloop
  endfacet
  facet normal -0.657586 -0.257055 -0.708169
    outer loop
      vertex -20.4149 -18.5495 4.748
      vertex -20.5602 -18.1778 4.748
      vertex -18.4167 -17.7436 2.6
    endloop
  endfacet
  facet normal 0.186294 -0.682605 -0.706643
    outer loop
      vertex 17.7927 -20.6653 4.748
      vertex 17.3829 -18.5535 2.6
      vertex 18.1778 -20.5602 4.748
    endloop
  endfacet
  facet normal -0.263287 0.964718 0
    outer loop
      vertex -17.7927 20.6653 4.748
      vertex -18.1778 20.5602 46.4
      vertex -17.7927 20.6653 46.4
    endloop
  endfacet
  facet normal -0.263287 0.964718 0
    outer loop
      vertex -18.1778 20.5602 46.4
      vertex -17.7927 20.6653 4.748
      vertex -18.1778 20.5602 4.748
    endloop
  endfacet
  facet normal 0.0280994 0.706499 -0.707156
    outer loop
      vertex 17.2992 20.7381 4.748
      vertex 17 18.6 2.6
      vertex 17 20.75 4.748
    endloop
  endfacet
  facet normal 0.0397413 0.99921 -0
    outer loop
      vertex 17.2992 20.7381 4.748
      vertex 17 20.75 46.4
      vertex 17.2992 20.7381 46.4
    endloop
  endfacet
  facet normal 0.0397413 0.99921 0
    outer loop
      vertex 17 20.75 46.4
      vertex 17.2992 20.7381 4.748
      vertex 17 20.75 4.748
    endloop
  endfacet
  facet normal 0.588639 0.390303 -0.707933
    outer loop
      vertex 20.2308 18.9037 4.748
      vertex 18.4167 17.7436 2.6
      vertex 20.0102 19.2364 4.748
    endloop
  endfacet
  facet normal 0.327588 0.624281 -0.709196
    outer loop
      vertex 17.9089 18.3168 2.6
      vertex 17.5674 18.496 2.6
      vertex 18.8171 20.2804 4.748
    endloop
  endfacet
  facet normal -0.931368 -0.364078 0
    outer loop
      vertex -20.4149 -18.5495 4.748
      vertex -20.5602 -18.1778 46.4
      vertex -20.5602 -18.1778 4.748
    endloop
  endfacet
  facet normal -0.931368 -0.364078 0
    outer loop
      vertex -20.5602 -18.1778 46.4
      vertex -20.4149 -18.5495 4.748
      vertex -20.4149 -18.5495 46.4
    endloop
  endfacet
  facet normal 0.530539 0.84766 -0
    outer loop
      vertex 19.1555 20.0686 4.748
      vertex 18.8171 20.2804 46.4
      vertex 19.1555 20.0686 46.4
    endloop
  endfacet
  facet normal 0.530539 0.84766 0
    outer loop
      vertex 18.8171 20.2804 46.4
      vertex 19.1555 20.0686 4.748
      vertex 18.8171 20.2804 4.748
    endloop
  endfacet
  facet normal -0.971396 0.237464 0
    outer loop
      vertex -20.6851 17.6948 4.748
      vertex -20.5903 18.0826 46.4
      vertex -20.5903 18.0826 4.748
    endloop
  endfacet
  facet normal -0.971396 0.237464 0
    outer loop
      vertex -20.5903 18.0826 46.4
      vertex -20.6851 17.6948 4.748
      vertex -20.6851 17.6948 46.4
    endloop
  endfacet
  facet normal -0.65959 -0.250158 -0.708775
    outer loop
      vertex -18.4167 -17.7436 2.6
      vertex -20.5602 -18.1778 4.748
      vertex -18.5535 -17.3829 2.6
    endloop
  endfacet
  facet normal 0.467457 0.52758 -0.709326
    outer loop
      vertex 18.1976 18.061 2.6
      vertex 17.9089 18.3168 2.6
      vertex 19.4694 19.8221 4.748
    endloop
  endfacet
  facet normal 0.682605 0.186294 -0.706643
    outer loop
      vertex 20.6653 17.7927 4.748
      vertex 18.5535 17.3829 2.6
      vertex 20.5602 18.1778 4.748
    endloop
  endfacet
  facet normal -0.987267 -0.159075 0
    outer loop
      vertex -20.6653 -17.7927 4.748
      vertex -20.7288 -17.3986 46.4
      vertex -20.7288 -17.3986 4.748
    endloop
  endfacet
  facet normal -0.987267 -0.159075 0
    outer loop
      vertex -20.7288 -17.3986 46.4
      vertex -20.6653 -17.7927 4.748
      vertex -20.6653 -17.7927 46.4
    endloop
  endfacet
  facet normal -0.339207 -0.940712 0
    outer loop
      vertex -18.4581 -20.4549 4.748
      vertex -18.0826 -20.5903 46.4
      vertex -18.4581 -20.4549 46.4
    endloop
  endfacet
  facet normal -0.339207 -0.940712 -0
    outer loop
      vertex -18.0826 -20.5903 46.4
      vertex -18.4581 -20.4549 4.748
      vertex -18.0826 -20.5903 4.748
    endloop
  endfacet
  facet normal -0.240029 -0.665665 -0.706595
    outer loop
      vertex -18.0826 -20.5903 4.748
      vertex -18.4581 -20.4549 4.748
      vertex -17.5674 -18.496 2.6
    endloop
  endfacet
  facet normal -0.84766 0.530539 0
    outer loop
      vertex -20.2804 18.8171 4.748
      vertex -20.0686 19.1555 46.4
      vertex -20.0686 19.1555 4.748
    endloop
  endfacet
  facet normal -0.84766 0.530539 0
    outer loop
      vertex -20.0686 19.1555 46.4
      vertex -20.2804 18.8171 4.748
      vertex -20.2804 18.8171 46.4
    endloop
  endfacet
  facet normal -0.237464 -0.971396 0
    outer loop
      vertex -18.0826 -20.5903 4.748
      vertex -17.6948 -20.6851 46.4
      vertex -18.0826 -20.5903 46.4
    endloop
  endfacet
  facet normal -0.237464 -0.971396 -0
    outer loop
      vertex -17.6948 -20.6851 46.4
      vertex -18.0826 -20.5903 4.748
      vertex -17.6948 -20.6851 4.748
    endloop
  endfacet
  facet normal -0.627903 -0.326361 -0.70656
    outer loop
      vertex -20.2308 -18.9037 4.748
      vertex -20.4149 -18.5495 4.748
      vertex -18.4167 -17.7436 2.6
    endloop
  endfacet
  facet normal -0.7698 -0.638285 0
    outer loop
      vertex -19.7554 -19.5437 4.748
      vertex -20.0102 -19.2364 46.4
      vertex -20.0102 -19.2364 4.748
    endloop
  endfacet
  facet normal -0.7698 -0.638285 0
    outer loop
      vertex -20.0102 -19.2364 46.4
      vertex -19.7554 -19.5437 4.748
      vertex -19.7554 -19.5437 46.4
    endloop
  endfacet
  facet normal -0.544638 -0.45159 -0.706708
    outer loop
      vertex -19.7554 -19.5437 4.748
      vertex -20.0102 -19.2364 4.748
      vertex -18.1976 -18.061 2.6
    endloop
  endfacet
  facet normal -0.308893 -0.635488 -0.70763
    outer loop
      vertex -18.4581 -20.4549 4.748
      vertex -18.8171 -20.2804 4.748
      vertex -17.5674 -18.496 2.6
    endloop
  endfacet
  facet normal 0.964718 0.263287 0
    outer loop
      vertex 20.6653 17.7927 46.4
      vertex 20.5602 18.1778 4.748
      vertex 20.5602 18.1778 46.4
    endloop
  endfacet
  facet normal 0.964718 0.263287 0
    outer loop
      vertex 20.5602 18.1778 4.748
      vertex 20.6653 17.7927 46.4
      vertex 20.6653 17.7927 4.748
    endloop
  endfacet
  facet normal 0.84766 -0.530539 0
    outer loop
      vertex 20.0686 -19.1555 46.4
      vertex 20.2804 -18.8171 4.748
      vertex 20.2804 -18.8171 46.4
    endloop
  endfacet
  facet normal 0.84766 -0.530539 0
    outer loop
      vertex 20.2804 -18.8171 4.748
      vertex 20.0686 -19.1555 46.4
      vertex 20.0686 -19.1555 4.748
    endloop
  endfacet
  facet normal -0.0397413 -0.99921 0
    outer loop
      vertex -17.2992 -20.7381 4.748
      vertex -17 -20.75 46.4
      vertex -17.2992 -20.7381 46.4
    endloop
  endfacet
  facet normal -0.0397413 -0.99921 -0
    outer loop
      vertex -17 -20.75 46.4
      vertex -17.2992 -20.7381 4.748
      vertex -17 -20.75 4.748
    endloop
  endfacet
  facet normal 0.0375643 -0.706279 -0.706936
    outer loop
      vertex 17.3986 -20.7288 4.748
      vertex 17 -20.75 4.748
      vertex 17 -18.6 2.6
    endloop
  endfacet
  facet normal 0.627903 0.326361 -0.70656
    outer loop
      vertex 20.4149 18.5495 4.748
      vertex 18.4167 17.7436 2.6
      vertex 20.2308 18.9037 4.748
    endloop
  endfacet
  facet normal 0.624281 -0.327588 -0.709196
    outer loop
      vertex 20.2804 -18.8171 4.748
      vertex 18.3168 -17.9089 2.6
      vertex 18.496 -17.5674 2.6
    endloop
  endfacet
  facet normal 0.706499 -0.0280994 -0.707156
    outer loop
      vertex 20.7381 -17.2992 4.748
      vertex 18.6 -17 2.6
      vertex 20.75 -17 4.748
    endloop
  endfacet
  facet normal -0.716563 0.697522 0
    outer loop
      vertex -19.8221 19.4694 4.748
      vertex -19.5437 19.7554 46.4
      vertex -19.5437 19.7554 4.748
    endloop
  endfacet
  facet normal -0.716563 0.697522 0
    outer loop
      vertex -19.5437 19.7554 46.4
      vertex -19.8221 19.4694 4.748
      vertex -19.8221 19.4694 46.4
    endloop
  endfacet
  facet normal -0.786484 0.617611 0
    outer loop
      vertex -20.0686 19.1555 4.748
      vertex -19.8221 19.4694 46.4
      vertex -19.8221 19.4694 4.748
    endloop
  endfacet
  facet normal -0.786484 0.617611 0
    outer loop
      vertex -19.8221 19.4694 46.4
      vertex -20.0686 19.1555 4.748
      vertex -20.0686 19.1555 46.4
    endloop
  endfacet
  facet normal -0.0375643 0.706279 -0.706936
    outer loop
      vertex -17 18.6 2.6
      vertex -17.3986 20.7288 4.748
      vertex -17 20.75 4.748
    endloop
  endfacet
  facet normal -0.0849819 0.699775 -0.70929
    outer loop
      vertex -17.3829 18.5535 2.6
      vertex -17.3986 20.7288 4.748
      vertex -17 18.6 2.6
    endloop
  endfacet
  facet normal 0.132787 0.991145 -0
    outer loop
      vertex 17.6948 20.6851 4.748
      vertex 17.2992 20.7381 46.4
      vertex 17.6948 20.6851 46.4
    endloop
  endfacet
  facet normal 0.132787 0.991145 0
    outer loop
      vertex 17.2992 20.7381 46.4
      vertex 17.6948 20.6851 4.748
      vertex 17.2992 20.7381 4.748
    endloop
  endfacet
  facet normal 0.240029 0.665665 -0.706595
    outer loop
      vertex 18.4581 20.4549 4.748
      vertex 17.5674 18.496 2.6
      vertex 18.0826 20.5903 4.748
    endloop
  endfacet
  facet normal 0.167571 0.685486 -0.70854
    outer loop
      vertex 18.0826 20.5903 4.748
      vertex 17.5674 18.496 2.6
      vertex 17.6948 20.6851 4.748
    endloop
  endfacet
  facet normal -0.899382 0.437165 0
    outer loop
      vertex -20.4549 18.4581 4.748
      vertex -20.2804 18.8171 46.4
      vertex -20.2804 18.8171 4.748
    endloop
  endfacet
  facet normal -0.899382 0.437165 0
    outer loop
      vertex -20.2804 18.8171 46.4
      vertex -20.4549 18.4581 4.748
      vertex -20.4549 18.4581 46.4
    endloop
  endfacet
  facet normal 0.617611 0.786484 -0
    outer loop
      vertex 19.4694 19.8221 4.748
      vertex 19.1555 20.0686 46.4
      vertex 19.4694 19.8221 46.4
    endloop
  endfacet
  facet normal 0.617611 0.786484 0
    outer loop
      vertex 19.1555 20.0686 46.4
      vertex 19.4694 19.8221 4.748
      vertex 19.1555 20.0686 4.748
    endloop
  endfacet
  facet normal -0.390303 0.588639 -0.707933
    outer loop
      vertex -17.7436 18.4167 2.6
      vertex -19.2364 20.0102 4.748
      vertex -18.9037 20.2308 4.748
    endloop
  endfacet
  facet normal 0.65959 0.250158 -0.708775
    outer loop
      vertex 18.5535 17.3829 2.6
      vertex 18.4167 17.7436 2.6
      vertex 20.5602 18.1778 4.748
    endloop
  endfacet
  facet normal 0.940712 -0.339207 0
    outer loop
      vertex 20.4549 -18.4581 46.4
      vertex 20.5903 -18.0826 4.748
      vertex 20.5903 -18.0826 46.4
    endloop
  endfacet
  facet normal 0.940712 -0.339207 0
    outer loop
      vertex 20.5903 -18.0826 4.748
      vertex 20.4549 -18.4581 46.4
      vertex 20.4549 -18.4581 4.748
    endloop
  endfacet
  facet normal 0.263287 -0.964718 0
    outer loop
      vertex 17.7927 -20.6653 4.748
      vertex 18.1778 -20.5602 46.4
      vertex 17.7927 -20.6653 46.4
    endloop
  endfacet
  facet normal 0.263287 -0.964718 0
    outer loop
      vertex 18.1778 -20.5602 46.4
      vertex 17.7927 -20.6653 4.748
      vertex 18.1778 -20.5602 4.748
    endloop
  endfacet
  facet normal -0.699775 -0.0849819 -0.70929
    outer loop
      vertex -18.5535 -17.3829 2.6
      vertex -20.7288 -17.3986 4.748
      vertex -18.6 -17 2.6
    endloop
  endfacet
  facet normal -0.437165 -0.899382 0
    outer loop
      vertex -18.8171 -20.2804 4.748
      vertex -18.4581 -20.4549 46.4
      vertex -18.8171 -20.2804 46.4
    endloop
  endfacet
  facet normal -0.437165 -0.899382 -0
    outer loop
      vertex -18.4581 -20.4549 46.4
      vertex -18.8171 -20.2804 4.748
      vertex -18.4581 -20.4549 4.748
    endloop
  endfacet
  facet normal -0.493102 -0.506563 -0.707279
    outer loop
      vertex -19.4694 -19.8221 4.748
      vertex -19.7554 -19.5437 4.748
      vertex -18.1976 -18.061 2.6
    endloop
  endfacet
  facet normal -0.833435 -0.552617 0
    outer loop
      vertex -20.0102 -19.2364 4.748
      vertex -20.2308 -18.9037 46.4
      vertex -20.2308 -18.9037 4.748
    endloop
  endfacet
  facet normal -0.833435 -0.552617 0
    outer loop
      vertex -20.2308 -18.9037 46.4
      vertex -20.0102 -19.2364 4.748
      vertex -20.0102 -19.2364 46.4
    endloop
  endfacet
  facet normal 0.685486 -0.167571 -0.70854
    outer loop
      vertex 20.5903 -18.0826 4.748
      vertex 18.496 -17.5674 2.6
      vertex 20.6851 -17.6948 4.748
    endloop
  endfacet
  facet normal 0.899382 -0.437165 0
    outer loop
      vertex 20.2804 -18.8171 46.4
      vertex 20.4549 -18.4581 4.748
      vertex 20.4549 -18.4581 46.4
    endloop
  endfacet
  facet normal 0.899382 -0.437165 0
    outer loop
      vertex 20.4549 -18.4581 4.748
      vertex 20.2804 -18.8171 46.4
      vertex 20.2804 -18.8171 4.748
    endloop
  endfacet
  facet normal 0.599623 -0.375296 -0.706827
    outer loop
      vertex 20.0686 -19.1555 4.748
      vertex 18.3168 -17.9089 2.6
      vertex 20.2804 -18.8171 4.748
    endloop
  endfacet
  facet normal 0.665665 -0.240029 -0.706595
    outer loop
      vertex 20.4549 -18.4581 4.748
      vertex 18.496 -17.5674 2.6
      vertex 20.5903 -18.0826 4.748
    endloop
  endfacet
  facet normal 0.580377 0.400632 -0.708983
    outer loop
      vertex 18.4167 17.7436 2.6
      vertex 18.1976 18.061 2.6
      vertex 20.0102 19.2364 4.748
    endloop
  endfacet
  facet normal 0.493102 0.506563 -0.707279
    outer loop
      vertex 19.7554 19.5437 4.748
      vertex 18.1976 18.061 2.6
      vertex 19.4694 19.8221 4.748
    endloop
  endfacet
  facet normal -0.506563 0.493102 -0.707279
    outer loop
      vertex -18.061 18.1976 2.6
      vertex -19.8221 19.4694 4.748
      vertex -19.5437 19.7554 4.748
    endloop
  endfacet
  facet normal -0.45159 0.544638 -0.706708
    outer loop
      vertex -18.061 18.1976 2.6
      vertex -19.5437 19.7554 4.748
      vertex -19.2364 20.0102 4.748
    endloop
  endfacet
  facet normal -0.132787 -0.991145 0
    outer loop
      vertex -17.6948 -20.6851 4.748
      vertex -17.2992 -20.7381 46.4
      vertex -17.6948 -20.6851 46.4
    endloop
  endfacet
  facet normal -0.132787 -0.991145 -0
    outer loop
      vertex -17.2992 -20.7381 46.4
      vertex -17.6948 -20.6851 4.748
      vertex -17.2992 -20.7381 4.748
    endloop
  endfacet
  facet normal 0.786484 -0.617611 0
    outer loop
      vertex 19.8221 -19.4694 46.4
      vertex 20.0686 -19.1555 4.748
      vertex 20.0686 -19.1555 46.4
    endloop
  endfacet
  facet normal 0.786484 -0.617611 0
    outer loop
      vertex 20.0686 -19.1555 4.748
      vertex 19.8221 -19.4694 46.4
      vertex 19.8221 -19.4694 4.748
    endloop
  endfacet
  facet normal 0.43675 0.55617 -0.707053
    outer loop
      vertex 19.4694 19.8221 4.748
      vertex 17.9089 18.3168 2.6
      vertex 19.1555 20.0686 4.748
    endloop
  endfacet
  facet normal 0.375296 0.599623 -0.706827
    outer loop
      vertex 19.1555 20.0686 4.748
      vertex 17.9089 18.3168 2.6
      vertex 18.8171 20.2804 4.748
    endloop
  endfacet
  facet normal 0.093657 0.69907 -0.708893
    outer loop
      vertex 17.6948 20.6851 4.748
      vertex 17 18.6 2.6
      vertex 17.2992 20.7381 4.748
    endloop
  endfacet
  facet normal 0.237464 0.971396 -0
    outer loop
      vertex 18.0826 20.5903 4.748
      vertex 17.6948 20.6851 46.4
      vertex 18.0826 20.5903 46.4
    endloop
  endfacet
  facet normal 0.237464 0.971396 0
    outer loop
      vertex 17.6948 20.6851 46.4
      vertex 18.0826 20.5903 4.748
      vertex 17.6948 20.6851 4.748
    endloop
  endfacet
  facet normal -0.400632 0.580377 -0.708983
    outer loop
      vertex -18.061 18.1976 2.6
      vertex -19.2364 20.0102 4.748
      vertex -17.7436 18.4167 2.6
    endloop
  endfacet
  facet normal 0.697762 0.112428 -0.707452
    outer loop
      vertex 20.7288 17.3986 4.748
      vertex 18.5535 17.3829 2.6
      vertex 20.6653 17.7927 4.748
    endloop
  endfacet
  facet normal 0.971396 -0.237464 0
    outer loop
      vertex 20.5903 -18.0826 46.4
      vertex 20.6851 -17.6948 4.748
      vertex 20.6851 -17.6948 46.4
    endloop
  endfacet
  facet normal 0.971396 -0.237464 0
    outer loop
      vertex 20.6851 -17.6948 4.748
      vertex 20.5903 -18.0826 46.4
      vertex 20.5903 -18.0826 4.748
    endloop
  endfacet
  facet normal -0.635488 0.308893 -0.70763
    outer loop
      vertex -18.496 17.5674 2.6
      vertex -20.4549 18.4581 4.748
      vertex -20.2804 18.8171 4.748
    endloop
  endfacet
  facet normal 0.364078 -0.931368 0
    outer loop
      vertex 18.1778 -20.5602 4.748
      vertex 18.5495 -20.4149 46.4
      vertex 18.1778 -20.5602 46.4
    endloop
  endfacet
  facet normal 0.364078 -0.931368 0
    outer loop
      vertex 18.5495 -20.4149 46.4
      vertex 18.1778 -20.5602 4.748
      vertex 18.5495 -20.4149 4.748
    endloop
  endfacet
  facet normal -0.964718 -0.263287 0
    outer loop
      vertex -20.5602 -18.1778 4.748
      vertex -20.6653 -17.7927 46.4
      vertex -20.6653 -17.7927 4.748
    endloop
  endfacet
  facet normal -0.964718 -0.263287 0
    outer loop
      vertex -20.6653 -17.7927 46.4
      vertex -20.5602 -18.1778 4.748
      vertex -20.5602 -18.1778 46.4
    endloop
  endfacet
  facet normal -0.991145 0.132787 0
    outer loop
      vertex -20.7381 17.2992 4.748
      vertex -20.6851 17.6948 46.4
      vertex -20.6851 17.6948 4.748
    endloop
  endfacet
  facet normal -0.991145 0.132787 0
    outer loop
      vertex -20.6851 17.6948 46.4
      vertex -20.7381 17.2992 4.748
      vertex -20.7381 17.2992 46.4
    endloop
  endfacet
  facet normal 0.638285 -0.7698 0
    outer loop
      vertex 19.2364 -20.0102 4.748
      vertex 19.5437 -19.7554 46.4
      vertex 19.2364 -20.0102 46.4
    endloop
  endfacet
  facet normal 0.638285 -0.7698 0
    outer loop
      vertex 19.5437 -19.7554 46.4
      vertex 19.2364 -20.0102 4.748
      vertex 19.5437 -19.7554 4.748
    endloop
  endfacet
  facet normal 0.52758 -0.467457 -0.709326
    outer loop
      vertex 19.8221 -19.4694 4.748
      vertex 18.061 -18.1976 2.6
      vertex 18.3168 -17.9089 2.6
    endloop
  endfacet
  facet normal 0.45159 -0.544638 -0.706708
    outer loop
      vertex 19.2364 -20.0102 4.748
      vertex 18.061 -18.1976 2.6
      vertex 19.5437 -19.7554 4.748
    endloop
  endfacet
  facet normal 0.706279 0.0375643 -0.706936
    outer loop
      vertex 20.75 17 4.748
      vertex 18.6 17 2.6
      vertex 20.7288 17.3986 4.748
    endloop
  endfacet
  facet normal 0.998589 0.0531111 0
    outer loop
      vertex 20.75 17 46.4
      vertex 20.7288 17.3986 4.748
      vertex 20.7288 17.3986 46.4
    endloop
  endfacet
  facet normal 0.998589 0.0531111 0
    outer loop
      vertex 20.7288 17.3986 4.748
      vertex 20.75 17 46.4
      vertex 20.75 17 4.748
    endloop
  endfacet
  facet normal -0.940712 0.339207 0
    outer loop
      vertex -20.5903 18.0826 4.748
      vertex -20.4549 18.4581 46.4
      vertex -20.4549 18.4581 4.748
    endloop
  endfacet
  facet normal -0.940712 0.339207 0
    outer loop
      vertex -20.4549 18.4581 46.4
      vertex -20.5903 18.0826 4.748
      vertex -20.5903 18.0826 46.4
    endloop
  endfacet
  facet normal -0.665665 0.240029 -0.706595
    outer loop
      vertex -18.496 17.5674 2.6
      vertex -20.5903 18.0826 4.748
      vertex -20.4549 18.4581 4.748
    endloop
  endfacet
  facet normal 0.461187 -0.887303 0
    outer loop
      vertex 18.5495 -20.4149 4.748
      vertex 18.9037 -20.2308 46.4
      vertex 18.5495 -20.4149 46.4
    endloop
  endfacet
  facet normal 0.461187 -0.887303 0
    outer loop
      vertex 18.9037 -20.2308 46.4
      vertex 18.5495 -20.4149 4.748
      vertex 18.9037 -20.2308 4.748
    endloop
  endfacet
  facet normal 0.55617 -0.43675 -0.707053
    outer loop
      vertex 19.8221 -19.4694 4.748
      vertex 18.3168 -17.9089 2.6
      vertex 20.0686 -19.1555 4.748
    endloop
  endfacet
  facet normal 0.716563 -0.697522 0
    outer loop
      vertex 19.5437 -19.7554 46.4
      vertex 19.8221 -19.4694 4.748
      vertex 19.8221 -19.4694 46.4
    endloop
  endfacet
  facet normal 0.716563 -0.697522 0
    outer loop
      vertex 19.8221 -19.4694 4.748
      vertex 19.5437 -19.7554 46.4
      vertex 19.5437 -19.7554 4.748
    endloop
  endfacet
  facet normal 0.7698 0.638285 0
    outer loop
      vertex 20.0102 19.2364 46.4
      vertex 19.7554 19.5437 4.748
      vertex 19.7554 19.5437 46.4
    endloop
  endfacet
  facet normal 0.7698 0.638285 0
    outer loop
      vertex 19.7554 19.5437 4.748
      vertex 20.0102 19.2364 46.4
      vertex 20.0102 19.2364 4.748
    endloop
  endfacet
  facet normal 0.544638 0.45159 -0.706708
    outer loop
      vertex 20.0102 19.2364 4.748
      vertex 18.1976 18.061 2.6
      vertex 19.7554 19.5437 4.748
    endloop
  endfacet
  facet normal 0 0 1
    outer loop
      vertex 20.75 17 46.4
      vertex 20.3786 17.1446 46.4
      vertex 20.4 16.75 46.4
    endloop
  endfacet
  facet normal 0 0 1
    outer loop
      vertex 20.5602 18.1778 46.4
      vertex 20.3147 17.5346 46.4
      vertex 20.3786 17.1446 46.4
    endloop
  endfacet
  facet normal -0 0 1
    outer loop
      vertex 19.8775 18.6318 46.4
      vertex 20.4149 18.5495 46.4
      vertex 20.2308 18.9037 46.4
    endloop
  endfacet
  facet normal 0 0 1
    outer loop
      vertex 20.5602 18.1778 46.4
      vertex 20.2089 17.9155 46.4
      vertex 20.3147 17.5346 46.4
    endloop
  endfacet
  facet normal 0 0 1
    outer loop
      vertex 20.5602 18.1778 46.4
      vertex 20.0627 18.2826 46.4
      vertex 20.2089 17.9155 46.4
    endloop
  endfacet
  facet normal -0 0 1
    outer loop
      vertex 19.6557 18.9589 46.4
      vertex 20.2308 18.9037 46.4
      vertex 20.0102 19.2364 46.4
    endloop
  endfacet
  facet normal 0 0 1
    outer loop
      vertex 20.4149 18.5495 46.4
      vertex 19.8775 18.6318 46.4
      vertex 20.0627 18.2826 46.4
    endloop
  endfacet
  facet normal 0 0 1
    outer loop
      vertex 19.6557 18.9589 46.4
      vertex 20.0102 19.2364 46.4
      vertex 19.7554 19.5437 46.4
    endloop
  endfacet
  facet normal 0 0 1
    outer loop
      vertex 20.2308 18.9037 46.4
      vertex 19.6557 18.9589 46.4
      vertex 19.8775 18.6318 46.4
    endloop
  endfacet
  facet normal 0 0 1
    outer loop
      vertex 19.3999 19.2601 46.4
      vertex 19.7554 19.5437 46.4
      vertex 19.4694 19.8221 46.4
    endloop
  endfacet
  facet normal 0 0 1
    outer loop
      vertex 19.7554 19.5437 46.4
      vertex 19.3999 19.2601 46.4
      vertex 19.6557 18.9589 46.4
    endloop
  endfacet
  facet normal 0 0 1
    outer loop
      vertex 19.113 19.5319 46.4
      vertex 19.4694 19.8221 46.4
      vertex 19.1555 20.0686 46.4
    endloop
  endfacet
  facet normal 0 0 1
    outer loop
      vertex 19.4694 19.8221 46.4
      vertex 19.113 19.5319 46.4
      vertex 19.3999 19.2601 46.4
    endloop
  endfacet
  facet normal 0 0 1
    outer loop
      vertex 18.7983 19.7711 46.4
      vertex 19.1555 20.0686 46.4
      vertex 18.8171 20.2804 46.4
    endloop
  endfacet
  facet normal 0 0 1
    outer loop
      vertex 19.1555 20.0686 46.4
      vertex 18.7983 19.7711 46.4
      vertex 19.113 19.5319 46.4
    endloop
  endfacet
  facet normal 0 0 1
    outer loop
      vertex 18.8171 20.2804 46.4
      vertex 18.4597 19.9748 46.4
      vertex 18.7983 19.7711 46.4
    endloop
  endfacet
  facet normal 0 0 1
    outer loop
      vertex 18.4581 20.4549 46.4
      vertex 18.4597 19.9748 46.4
      vertex 18.8171 20.2804 46.4
    endloop
  endfacet
  facet normal 0 0 1
    outer loop
      vertex 18.4581 20.4549 46.4
      vertex 18.101 20.1408 46.4
      vertex 18.4597 19.9748 46.4
    endloop
  endfacet
  facet normal 0 0 1
    outer loop
      vertex 18.0826 20.5903 46.4
      vertex 18.101 20.1408 46.4
      vertex 18.4581 20.4549 46.4
    endloop
  endfacet
  facet normal 0 0 1
    outer loop
      vertex 18.0826 20.5903 46.4
      vertex 17.7265 20.267 46.4
      vertex 18.101 20.1408 46.4
    endloop
  endfacet
  facet normal 0 0 1
    outer loop
      vertex 17.6948 20.6851 46.4
      vertex 17.7265 20.267 46.4
      vertex 18.0826 20.5903 46.4
    endloop
  endfacet
  facet normal 0 0 1
    outer loop
      vertex 17.6948 20.6851 46.4
      vertex 17.3405 20.3519 46.4
      vertex 17.7265 20.267 46.4
    endloop
  endfacet
  facet normal 0 0 1
    outer loop
      vertex 17.2992 20.7381 46.4
      vertex 17.3405 20.3519 46.4
      vertex 17.6948 20.6851 46.4
    endloop
  endfacet
  facet normal 0 0 1
    outer loop
      vertex 17 20.75 46.4
      vertex 17.3405 20.3519 46.4
      vertex 17.2992 20.7381 46.4
    endloop
  endfacet
  facet normal 0 0 1
    outer loop
      vertex 17 20.75 46.4
      vertex 16.75 20.4 46.4
      vertex 17.3405 20.3519 46.4
    endloop
  endfacet
  facet normal 0 0 1
    outer loop
      vertex 17 20.75 46.4
      vertex -16.75 20.4 46.4
      vertex 16.75 20.4 46.4
    endloop
  endfacet
  facet normal -0 0 1
    outer loop
      vertex -17 20.75 46.4
      vertex -16.75 20.4 46.4
      vertex 17 20.75 46.4
    endloop
  endfacet
  facet normal 0 0 1
    outer loop
      vertex -17 20.75 46.4
      vertex -17.1446 20.3786 46.4
      vertex -16.75 20.4 46.4
    endloop
  endfacet
  facet normal -0 0 1
    outer loop
      vertex -17.3986 20.7288 46.4
      vertex -17.1446 20.3786 46.4
      vertex -17 20.75 46.4
    endloop
  endfacet
  facet normal 0 0 1
    outer loop
      vertex -17.3986 20.7288 46.4
      vertex -17.5346 20.3147 46.4
      vertex -17.1446 20.3786 46.4
    endloop
  endfacet
  facet normal -0 0 1
    outer loop
      vertex -17.7927 20.6653 46.4
      vertex -17.5346 20.3147 46.4
      vertex -17.3986 20.7288 46.4
    endloop
  endfacet
  facet normal 0 0 1
    outer loop
      vertex -17.7927 20.6653 46.4
      vertex -17.9155 20.2089 46.4
      vertex -17.5346 20.3147 46.4
    endloop
  endfacet
  facet normal -0 0 1
    outer loop
      vertex -18.1778 20.5602 46.4
      vertex -17.9155 20.2089 46.4
      vertex -17.7927 20.6653 46.4
    endloop
  endfacet
  facet normal 0 0 1
    outer loop
      vertex -18.1778 20.5602 46.4
      vertex -18.2826 20.0627 46.4
      vertex -17.9155 20.2089 46.4
    endloop
  endfacet
  facet normal -0 0 1
    outer loop
      vertex -18.5495 20.4149 46.4
      vertex -18.2826 20.0627 46.4
      vertex -18.1778 20.5602 46.4
    endloop
  endfacet
  facet normal 0 0 1
    outer loop
      vertex -18.5495 20.4149 46.4
      vertex -18.6318 19.8775 46.4
      vertex -18.2826 20.0627 46.4
    endloop
  endfacet
  facet normal -0 0 1
    outer loop
      vertex -18.9037 20.2308 46.4
      vertex -18.6318 19.8775 46.4
      vertex -18.5495 20.4149 46.4
    endloop
  endfacet
  facet normal 0 0 1
    outer loop
      vertex -18.9037 20.2308 46.4
      vertex -18.9589 19.6557 46.4
      vertex -18.6318 19.8775 46.4
    endloop
  endfacet
  facet normal -0 0 1
    outer loop
      vertex -19.2364 20.0102 46.4
      vertex -18.9589 19.6557 46.4
      vertex -18.9037 20.2308 46.4
    endloop
  endfacet
  facet normal -0 0 1
    outer loop
      vertex -19.5437 19.7554 46.4
      vertex -18.9589 19.6557 46.4
      vertex -19.2364 20.0102 46.4
    endloop
  endfacet
  facet normal 0 0 1
    outer loop
      vertex -18.9589 19.6557 46.4
      vertex -19.5437 19.7554 46.4
      vertex -19.2601 19.3999 46.4
    endloop
  endfacet
  facet normal -0 0 1
    outer loop
      vertex -19.8221 19.4694 46.4
      vertex -19.2601 19.3999 46.4
      vertex -19.5437 19.7554 46.4
    endloop
  endfacet
  facet normal 0 0 1
    outer loop
      vertex -19.2601 19.3999 46.4
      vertex -19.8221 19.4694 46.4
      vertex -19.5319 19.113 46.4
    endloop
  endfacet
  facet normal -0 0 1
    outer loop
      vertex -20.0686 19.1555 46.4
      vertex -19.5319 19.113 46.4
      vertex -19.8221 19.4694 46.4
    endloop
  endfacet
  facet normal 0 0 1
    outer loop
      vertex -19.5319 19.113 46.4
      vertex -20.0686 19.1555 46.4
      vertex -19.7711 18.7983 46.4
    endloop
  endfacet
  facet normal -0 0 1
    outer loop
      vertex -20.2804 18.8171 46.4
      vertex -19.7711 18.7983 46.4
      vertex -20.0686 19.1555 46.4
    endloop
  endfacet
  facet normal 0 0 1
    outer loop
      vertex -19.7711 18.7983 46.4
      vertex -20.2804 18.8171 46.4
      vertex -19.9748 18.4597 46.4
    endloop
  endfacet
  facet normal 0 0 1
    outer loop
      vertex -20.4549 18.4581 46.4
      vertex -19.9748 18.4597 46.4
      vertex -20.2804 18.8171 46.4
    endloop
  endfacet
  facet normal 0 0 1
    outer loop
      vertex -19.9748 18.4597 46.4
      vertex -20.4549 18.4581 46.4
      vertex -20.1408 18.101 46.4
    endloop
  endfacet
  facet normal 0 0 1
    outer loop
      vertex -20.5903 18.0826 46.4
      vertex -20.1408 18.101 46.4
      vertex -20.4549 18.4581 46.4
    endloop
  endfacet
  facet normal 0 0 1
    outer loop
      vertex -20.1408 18.101 46.4
      vertex -20.5903 18.0826 46.4
      vertex -20.267 17.7265 46.4
    endloop
  endfacet
  facet normal 0 0 1
    outer loop
      vertex -20.75 -17 46.4
      vertex -20.4 -16.75 46.4
      vertex -20.4 16.75 46.4
    endloop
  endfacet
  facet normal 0 0 1
    outer loop
      vertex -20.6851 17.6948 46.4
      vertex -20.267 17.7265 46.4
      vertex -20.5903 18.0826 46.4
    endloop
  endfacet
  facet normal 0 0 1
    outer loop
      vertex -20.267 17.7265 46.4
      vertex -20.6851 17.6948 46.4
      vertex -20.3519 17.3405 46.4
    endloop
  endfacet
  facet normal 0 0 1
    outer loop
      vertex -20.75 -17 46.4
      vertex -20.4 16.75 46.4
      vertex -20.75 17 46.4
    endloop
  endfacet
  facet normal 0 0 1
    outer loop
      vertex -20.7381 17.2992 46.4
      vertex -20.3519 17.3405 46.4
      vertex -20.6851 17.6948 46.4
    endloop
  endfacet
  facet normal 0 -0 1
    outer loop
      vertex -20.7288 -17.3986 46.4
      vertex -20.4 -16.75 46.4
      vertex -20.75 -17 46.4
    endloop
  endfacet
  facet normal 0 0 1
    outer loop
      vertex -20.75 17 46.4
      vertex -20.3519 17.3405 46.4
      vertex -20.7381 17.2992 46.4
    endloop
  endfacet
  facet normal 0 0 1
    outer loop
      vertex -20.4 -16.75 46.4
      vertex -20.5602 -18.1778 46.4
      vertex -20.4149 -18.5495 46.4
    endloop
  endfacet
  facet normal 0 0 1
    outer loop
      vertex -20.3519 17.3405 46.4
      vertex -20.75 17 46.4
      vertex -20.4 16.75 46.4
    endloop
  endfacet
  facet normal 0 0 1
    outer loop
      vertex -20.4 -16.75 46.4
      vertex -20.6653 -17.7927 46.4
      vertex -20.5602 -18.1778 46.4
    endloop
  endfacet
  facet normal 0 0 1
    outer loop
      vertex -20.4 -16.75 46.4
      vertex -20.7288 -17.3986 46.4
      vertex -20.6653 -17.7927 46.4
    endloop
  endfacet
  facet normal -0 0 1
    outer loop
      vertex 20.4 -16.75 46.4
      vertex 20.75 -17 46.4
      vertex 20.75 17 46.4
    endloop
  endfacet
  facet normal -0 0 1
    outer loop
      vertex 20.3786 17.1446 46.4
      vertex 20.75 17 46.4
      vertex 20.7288 17.3986 46.4
    endloop
  endfacet
  facet normal 0 0 1
    outer loop
      vertex 20.4 -16.75 46.4
      vertex 20.75 17 46.4
      vertex 20.4 16.75 46.4
    endloop
  endfacet
  facet normal 0 0 1
    outer loop
      vertex 20.3786 17.1446 46.4
      vertex 20.7288 17.3986 46.4
      vertex 20.6653 17.7927 46.4
    endloop
  endfacet
  facet normal 0 0 1
    outer loop
      vertex 20.3519 -17.3405 46.4
      vertex 20.75 -17 46.4
      vertex 20.4 -16.75 46.4
    endloop
  endfacet
  facet normal 0 0 1
    outer loop
      vertex 20.3786 17.1446 46.4
      vertex 20.6653 17.7927 46.4
      vertex 20.5602 18.1778 46.4
    endloop
  endfacet
  facet normal 0 0 1
    outer loop
      vertex 20.75 -17 46.4
      vertex 20.3519 -17.3405 46.4
      vertex 20.7381 -17.2992 46.4
    endloop
  endfacet
  facet normal -0 0 1
    outer loop
      vertex 20.0627 18.2826 46.4
      vertex 20.5602 18.1778 46.4
      vertex 20.4149 18.5495 46.4
    endloop
  endfacet
  facet normal 0 0 1
    outer loop
      vertex 20.7381 -17.2992 46.4
      vertex 20.3519 -17.3405 46.4
      vertex 20.6851 -17.6948 46.4
    endloop
  endfacet
  facet normal 0 0 1
    outer loop
      vertex 20.267 -17.7265 46.4
      vertex 20.6851 -17.6948 46.4
      vertex 20.3519 -17.3405 46.4
    endloop
  endfacet
  facet normal 0 0 1
    outer loop
      vertex 20.6851 -17.6948 46.4
      vertex 20.267 -17.7265 46.4
      vertex 20.5903 -18.0826 46.4
    endloop
  endfacet
  facet normal 0 0 1
    outer loop
      vertex 20.1408 -18.101 46.4
      vertex 20.5903 -18.0826 46.4
      vertex 20.267 -17.7265 46.4
    endloop
  endfacet
  facet normal 0 0 1
    outer loop
      vertex 20.5903 -18.0826 46.4
      vertex 20.1408 -18.101 46.4
      vertex 20.4549 -18.4581 46.4
    endloop
  endfacet
  facet normal 0 0 1
    outer loop
      vertex 19.9748 -18.4597 46.4
      vertex 20.4549 -18.4581 46.4
      vertex 20.1408 -18.101 46.4
    endloop
  endfacet
  facet normal 0 0 1
    outer loop
      vertex 20.4549 -18.4581 46.4
      vertex 19.9748 -18.4597 46.4
      vertex 20.2804 -18.8171 46.4
    endloop
  endfacet
  facet normal -0 0 1
    outer loop
      vertex 19.7711 -18.7983 46.4
      vertex 20.2804 -18.8171 46.4
      vertex 19.9748 -18.4597 46.4
    endloop
  endfacet
  facet normal 0 0 1
    outer loop
      vertex 20.2804 -18.8171 46.4
      vertex 19.7711 -18.7983 46.4
      vertex 20.0686 -19.1555 46.4
    endloop
  endfacet
  facet normal -0 0 1
    outer loop
      vertex 19.5319 -19.113 46.4
      vertex 20.0686 -19.1555 46.4
      vertex 19.7711 -18.7983 46.4
    endloop
  endfacet
  facet normal 0 0 1
    outer loop
      vertex 20.0686 -19.1555 46.4
      vertex 19.5319 -19.113 46.4
      vertex 19.8221 -19.4694 46.4
    endloop
  endfacet
  facet normal -0 0 1
    outer loop
      vertex 19.2601 -19.3999 46.4
      vertex 19.8221 -19.4694 46.4
      vertex 19.5319 -19.113 46.4
    endloop
  endfacet
  facet normal 0 0 1
    outer loop
      vertex 19.8221 -19.4694 46.4
      vertex 19.2601 -19.3999 46.4
      vertex 19.5437 -19.7554 46.4
    endloop
  endfacet
  facet normal -0 0 1
    outer loop
      vertex 18.9589 -19.6557 46.4
      vertex 19.5437 -19.7554 46.4
      vertex 19.2601 -19.3999 46.4
    endloop
  endfacet
  facet normal 0 0 1
    outer loop
      vertex 19.5437 -19.7554 46.4
      vertex 18.9589 -19.6557 46.4
      vertex 19.2364 -20.0102 46.4
    endloop
  endfacet
  facet normal 0 0 1
    outer loop
      vertex 18.9589 -19.6557 46.4
      vertex 18.9037 -20.2308 46.4
      vertex 19.2364 -20.0102 46.4
    endloop
  endfacet
  facet normal -0 0 1
    outer loop
      vertex 18.6318 -19.8775 46.4
      vertex 18.9037 -20.2308 46.4
      vertex 18.9589 -19.6557 46.4
    endloop
  endfacet
  facet normal 0 0 1
    outer loop
      vertex 18.6318 -19.8775 46.4
      vertex 18.5495 -20.4149 46.4
      vertex 18.9037 -20.2308 46.4
    endloop
  endfacet
  facet normal -0 0 1
    outer loop
      vertex 18.2826 -20.0627 46.4
      vertex 18.5495 -20.4149 46.4
      vertex 18.6318 -19.8775 46.4
    endloop
  endfacet
  facet normal 0 0 1
    outer loop
      vertex 18.2826 -20.0627 46.4
      vertex 18.1778 -20.5602 46.4
      vertex 18.5495 -20.4149 46.4
    endloop
  endfacet
  facet normal -0 0 1
    outer loop
      vertex 17.9155 -20.2089 46.4
      vertex 18.1778 -20.5602 46.4
      vertex 18.2826 -20.0627 46.4
    endloop
  endfacet
  facet normal 0 0 1
    outer loop
      vertex 17.9155 -20.2089 46.4
      vertex 17.7927 -20.6653 46.4
      vertex 18.1778 -20.5602 46.4
    endloop
  endfacet
  facet normal -0 0 1
    outer loop
      vertex 17.5346 -20.3147 46.4
      vertex 17.7927 -20.6653 46.4
      vertex 17.9155 -20.2089 46.4
    endloop
  endfacet
  facet normal 0 0 1
    outer loop
      vertex 17.5346 -20.3147 46.4
      vertex 17.3986 -20.7288 46.4
      vertex 17.7927 -20.6653 46.4
    endloop
  endfacet
  facet normal -0 0 1
    outer loop
      vertex 17.1446 -20.3786 46.4
      vertex 17.3986 -20.7288 46.4
      vertex 17.5346 -20.3147 46.4
    endloop
  endfacet
  facet normal 0 0 1
    outer loop
      vertex 17.1446 -20.3786 46.4
      vertex 17 -20.75 46.4
      vertex 17.3986 -20.7288 46.4
    endloop
  endfacet
  facet normal -0 0 1
    outer loop
      vertex 16.75 -20.4 46.4
      vertex 17 -20.75 46.4
      vertex 17.1446 -20.3786 46.4
    endloop
  endfacet
  facet normal -0 0 1
    outer loop
      vertex -16.75 -20.4 46.4
      vertex 17 -20.75 46.4
      vertex 16.75 -20.4 46.4
    endloop
  endfacet
  facet normal 0 0 1
    outer loop
      vertex -16.75 -20.4 46.4
      vertex -17 -20.75 46.4
      vertex 17 -20.75 46.4
    endloop
  endfacet
  facet normal 0 0 1
    outer loop
      vertex -17.3405 -20.3519 46.4
      vertex -17 -20.75 46.4
      vertex -16.75 -20.4 46.4
    endloop
  endfacet
  facet normal 0 0 1
    outer loop
      vertex -17 -20.75 46.4
      vertex -17.3405 -20.3519 46.4
      vertex -17.2992 -20.7381 46.4
    endloop
  endfacet
  facet normal 0 0 1
    outer loop
      vertex -17.3405 -20.3519 46.4
      vertex -17.6948 -20.6851 46.4
      vertex -17.2992 -20.7381 46.4
    endloop
  endfacet
  facet normal 0 0 1
    outer loop
      vertex -17.7265 -20.267 46.4
      vertex -17.6948 -20.6851 46.4
      vertex -17.3405 -20.3519 46.4
    endloop
  endfacet
  facet normal 0 0 1
    outer loop
      vertex -17.7265 -20.267 46.4
      vertex -18.0826 -20.5903 46.4
      vertex -17.6948 -20.6851 46.4
    endloop
  endfacet
  facet normal 0 0 1
    outer loop
      vertex -18.101 -20.1408 46.4
      vertex -18.0826 -20.5903 46.4
      vertex -17.7265 -20.267 46.4
    endloop
  endfacet
  facet normal 0 0 1
    outer loop
      vertex -18.101 -20.1408 46.4
      vertex -18.4581 -20.4549 46.4
      vertex -18.0826 -20.5903 46.4
    endloop
  endfacet
  facet normal 0 0 1
    outer loop
      vertex -18.4597 -19.9748 46.4
      vertex -18.4581 -20.4549 46.4
      vertex -18.101 -20.1408 46.4
    endloop
  endfacet
  facet normal 0 0 1
    outer loop
      vertex -18.8171 -20.2804 46.4
      vertex -18.4597 -19.9748 46.4
      vertex -18.7983 -19.7711 46.4
    endloop
  endfacet
  facet normal 0 0 1
    outer loop
      vertex -18.4597 -19.9748 46.4
      vertex -18.8171 -20.2804 46.4
      vertex -18.4581 -20.4549 46.4
    endloop
  endfacet
  facet normal 0 0 1
    outer loop
      vertex -19.1555 -20.0686 46.4
      vertex -18.7983 -19.7711 46.4
      vertex -19.113 -19.5319 46.4
    endloop
  endfacet
  facet normal 0 0 1
    outer loop
      vertex -18.7983 -19.7711 46.4
      vertex -19.1555 -20.0686 46.4
      vertex -18.8171 -20.2804 46.4
    endloop
  endfacet
  facet normal 0 0 1
    outer loop
      vertex -19.4694 -19.8221 46.4
      vertex -19.113 -19.5319 46.4
      vertex -19.3999 -19.2601 46.4
    endloop
  endfacet
  facet normal 0 0 1
    outer loop
      vertex -19.113 -19.5319 46.4
      vertex -19.4694 -19.8221 46.4
      vertex -19.1555 -20.0686 46.4
    endloop
  endfacet
  facet normal 0 0 1
    outer loop
      vertex -19.7554 -19.5437 46.4
      vertex -19.3999 -19.2601 46.4
      vertex -19.6557 -18.9589 46.4
    endloop
  endfacet
  facet normal 0 0 1
    outer loop
      vertex -19.3999 -19.2601 46.4
      vertex -19.7554 -19.5437 46.4
      vertex -19.4694 -19.8221 46.4
    endloop
  endfacet
  facet normal -0 0 1
    outer loop
      vertex -20.2308 -18.9037 46.4
      vertex -19.6557 -18.9589 46.4
      vertex -19.8775 -18.6318 46.4
    endloop
  endfacet
  facet normal 0 0 1
    outer loop
      vertex -19.6557 -18.9589 46.4
      vertex -20.0102 -19.2364 46.4
      vertex -19.7554 -19.5437 46.4
    endloop
  endfacet
  facet normal -0 0 1
    outer loop
      vertex -20.4149 -18.5495 46.4
      vertex -19.8775 -18.6318 46.4
      vertex -20.0627 -18.2826 46.4
    endloop
  endfacet
  facet normal 0 0 1
    outer loop
      vertex -20.4149 -18.5495 46.4
      vertex -20.0627 -18.2826 46.4
      vertex -20.2089 -17.9155 46.4
    endloop
  endfacet
  facet normal 0 0 1
    outer loop
      vertex -19.6557 -18.9589 46.4
      vertex -20.2308 -18.9037 46.4
      vertex -20.0102 -19.2364 46.4
    endloop
  endfacet
  facet normal 0 0 1
    outer loop
      vertex -20.4149 -18.5495 46.4
      vertex -20.2089 -17.9155 46.4
      vertex -20.3147 -17.5346 46.4
    endloop
  endfacet
  facet normal 0 0 1
    outer loop
      vertex -20.4149 -18.5495 46.4
      vertex -20.3147 -17.5346 46.4
      vertex -20.3786 -17.1446 46.4
    endloop
  endfacet
  facet normal 0 0 1
    outer loop
      vertex -19.8775 -18.6318 46.4
      vertex -20.4149 -18.5495 46.4
      vertex -20.2308 -18.9037 46.4
    endloop
  endfacet
  facet normal 0 0 1
    outer loop
      vertex -20.4149 -18.5495 46.4
      vertex -20.3786 -17.1446 46.4
      vertex -20.4 -16.75 46.4
    endloop
  endfacet
  facet normal 0.855828 0.517261 0
    outer loop
      vertex -19.4659 -18.6246 45.7
      vertex -19.672 -18.2836 43.9
      vertex -19.672 -18.2836 45.7
    endloop
  endfacet
  facet normal 0.855828 0.517261 0
    outer loop
      vertex -19.672 -18.2836 43.9
      vertex -19.4659 -18.6246 45.7
      vertex -19.4659 -18.6246 43.9
    endloop
  endfacet
  facet normal 0.500317 0.500317 0.706658
    outer loop
      vertex -18.9383 -19.2201 43.9
      vertex -17.6668 -17.808 42
      vertex -19.2201 -18.9383 43.9
    endloop
  endfacet
  facet normal -0.517261 -0.855828 0
    outer loop
      vertex 18.2836 19.672 43.9
      vertex 18.6246 19.4659 45.7
      vertex 18.2836 19.672 45.7
    endloop
  endfacet
  facet normal -0.517261 -0.855828 -0
    outer loop
      vertex 18.6246 19.4659 45.7
      vertex 18.2836 19.672 43.9
      vertex 18.6246 19.4659 43.9
    endloop
  endfacet
  facet normal 0.641596 0.293099 0.708835
    outer loop
      vertex -17.9277 -17.5069 42
      vertex -18.0933 -17.1444 42
      vertex -19.672 -18.2836 43.9
    endloop
  endfacet
  facet normal 0.99817 0.0604723 0
    outer loop
      vertex -20.0259 -17.1478 45.7
      vertex -20.05 -16.75 43.9
      vertex -20.05 -16.75 45.7
    endloop
  endfacet
  facet normal 0.99817 0.0604723 0
    outer loop
      vertex -20.05 -16.75 43.9
      vertex -20.0259 -17.1478 45.7
      vertex -20.0259 -17.1478 43.9
    endloop
  endfacet
  facet normal -0.0604723 0.99817 0
    outer loop
      vertex 17.1478 -20.0259 43.9
      vertex 16.75 -20.05 45.7
      vertex 17.1478 -20.0259 45.7
    endloop
  endfacet
  facet normal -0.0604723 0.99817 0
    outer loop
      vertex 16.75 -20.05 45.7
      vertex 17.1478 -20.0259 43.9
      vertex 16.75 -20.05 43.9
    endloop
  endfacet
  facet normal -0.0427995 0.706459 0.706459
    outer loop
      vertex 17.1478 -20.0259 43.9
      vertex 16.75 -18.15 42
      vertex 16.75 -20.05 43.9
    endloop
  endfacet
  facet normal 0.787145 0.616768 0
    outer loop
      vertex -19.2201 -18.9383 45.7
      vertex -19.4659 -18.6246 43.9
      vertex -19.4659 -18.6246 45.7
    endloop
  endfacet
  facet normal 0.787145 0.616768 0
    outer loop
      vertex -19.4659 -18.6246 43.9
      vertex -19.2201 -18.9383 45.7
      vertex -19.2201 -18.9383 43.9
    endloop
  endfacet
  facet normal -1 0 0
    outer loop
      vertex 20.05 -16.75 43.9
      vertex 20.05 16.75 45.7
      vertex 20.05 16.75 43.9
    endloop
  endfacet
  facet normal -1 -0 0
    outer loop
      vertex 20.05 16.75 45.7
      vertex 20.05 -16.75 43.9
      vertex 20.05 -16.75 45.7
    endloop
  endfacet
  facet normal -0.685389 0.149074 0.712755
    outer loop
      vertex 19.9541 -17.5397 43.9
      vertex 18.15 -16.75 42
      vertex 18.0235 -17.3316 42
    endloop
  endfacet
  facet normal 0.410511 0.911856 -0
    outer loop
      vertex -17.9202 -19.8356 43.9
      vertex -18.2836 -19.672 45.7
      vertex -17.9202 -19.8356 45.7
    endloop
  endfacet
  facet normal 0.410511 0.911856 0
    outer loop
      vertex -18.2836 -19.672 45.7
      vertex -17.9202 -19.8356 43.9
      vertex -18.2836 -19.672 43.9
    endloop
  endfacet
  facet normal 0.616768 0.787145 -0
    outer loop
      vertex -18.6246 -19.4659 43.9
      vertex -18.9383 -19.2201 45.7
      vertex -18.6246 -19.4659 45.7
    endloop
  endfacet
  facet normal 0.616768 0.787145 0
    outer loop
      vertex -18.9383 -19.2201 45.7
      vertex -18.6246 -19.4659 43.9
      vertex -18.9383 -19.2201 43.9
    endloop
  endfacet
  facet normal 0.99817 -0.0604723 0
    outer loop
      vertex -20.05 16.75 45.7
      vertex -20.0259 17.1478 43.9
      vertex -20.0259 17.1478 45.7
    endloop
  endfacet
  facet normal 0.99817 -0.0604723 0
    outer loop
      vertex -20.0259 17.1478 43.9
      vertex -20.05 16.75 45.7
      vertex -20.05 16.75 43.9
    endloop
  endfacet
  facet normal 0.149074 0.685389 0.712755
    outer loop
      vertex -16.75 -18.15 42
      vertex -17.3316 -18.0235 42
      vertex -17.5397 -19.9541 43.9
    endloop
  endfacet
  facet normal 0.606026 0.366281 0.706095
    outer loop
      vertex -19.4659 -18.6246 43.9
      vertex -17.9277 -17.5069 42
      vertex -19.672 -18.2836 43.9
    endloop
  endfacet
  facet normal -0.100266 0.697444 0.70959
    outer loop
      vertex 17.1478 -20.0259 43.9
      vertex 17.1444 -18.0933 42
      vertex 16.75 -18.15 42
    endloop
  endfacet
  facet normal -0.707107 0.707107 0
    outer loop
      vertex 18.9383 -19.2201 43.9
      vertex 19.2201 -18.9383 45.7
      vertex 19.2201 -18.9383 43.9
    endloop
  endfacet
  facet normal -0.707107 0.707107 0
    outer loop
      vertex 19.2201 -18.9383 45.7
      vertex 18.9383 -19.2201 43.9
      vertex 18.9383 -19.2201 45.7
    endloop
  endfacet
  facet normal 0.697444 0.100266 0.70959
    outer loop
      vertex -18.0933 -17.1444 42
      vertex -18.15 -16.75 42
      vertex -20.0259 -17.1478 43.9
    endloop
  endfacet
  facet normal 0.707107 -0.707107 0
    outer loop
      vertex -19.2201 18.9383 45.7
      vertex -18.9383 19.2201 43.9
      vertex -18.9383 19.2201 45.7
    endloop
  endfacet
  facet normal 0.707107 -0.707107 0
    outer loop
      vertex -18.9383 19.2201 43.9
      vertex -19.2201 18.9383 45.7
      vertex -19.2201 18.9383 43.9
    endloop
  endfacet
  facet normal 0.500317 -0.500317 0.706658
    outer loop
      vertex -17.808 17.6668 42
      vertex -18.9383 19.2201 43.9
      vertex -19.2201 18.9383 43.9
    endloop
  endfacet
  facet normal 0 -0.707107 0.707107
    outer loop
      vertex -16.75 20.05 43.9
      vertex 16.75 18.15 42
      vertex 16.75 20.05 43.9
    endloop
  endfacet
  facet normal 0 -0.707107 0.707107
    outer loop
      vertex 16.75 18.15 42
      vertex -16.75 20.05 43.9
      vertex -16.75 18.15 42
    endloop
  endfacet
  facet normal -0.855828 0.517261 0
    outer loop
      vertex 19.4659 -18.6246 43.9
      vertex 19.672 -18.2836 45.7
      vertex 19.672 -18.2836 43.9
    endloop
  endfacet
  facet normal -0.855828 0.517261 0
    outer loop
      vertex 19.672 -18.2836 45.7
      vertex 19.4659 -18.6246 43.9
      vertex 19.4659 -18.6246 45.7
    endloop
  endfacet
  facet normal 0.706459 0.0427995 0.706459
    outer loop
      vertex -20.0259 -17.1478 43.9
      vertex -18.15 -16.75 42
      vertex -20.05 -16.75 43.9
    endloop
  endfacet
  facet normal -0.381133 -0.592834 0.709426
    outer loop
      vertex 17.6668 17.808 42
      vertex 18.6246 19.4659 43.9
      vertex 17.3316 18.0235 42
    endloop
  endfacet
  facet normal 0.297346 0.95477 -0
    outer loop
      vertex -17.5397 -19.9541 43.9
      vertex -17.9202 -19.8356 45.7
      vertex -17.5397 -19.9541 45.7
    endloop
  endfacet
  facet normal 0.297346 0.95477 0
    outer loop
      vertex -17.9202 -19.8356 45.7
      vertex -17.5397 -19.9541 43.9
      vertex -17.9202 -19.8356 43.9
    endloop
  endfacet
  facet normal -0.697444 -0.100266 0.70959
    outer loop
      vertex 18.15 16.75 42
      vertex 20.0259 17.1478 43.9
      vertex 18.0933 17.1444 42
    endloop
  endfacet
  facet normal 0.685389 -0.149074 0.712755
    outer loop
      vertex -18.15 16.75 42
      vertex -18.0235 17.3316 42
      vertex -19.9541 17.5397 43.9
    endloop
  endfacet
  facet normal 0.532421 0.461337 0.709715
    outer loop
      vertex -17.6668 -17.808 42
      vertex -17.9277 -17.5069 42
      vertex -19.2201 -18.9383 43.9
    endloop
  endfacet
  facet normal -0.706459 -0.0427995 0.706459
    outer loop
      vertex 20.05 16.75 43.9
      vertex 20.0259 17.1478 43.9
      vertex 18.15 16.75 42
    endloop
  endfacet
  facet normal -0.532421 -0.461337 0.709715
    outer loop
      vertex 17.9277 17.5069 42
      vertex 19.2201 18.9383 43.9
      vertex 17.6668 17.808 42
    endloop
  endfacet
  facet normal 0.556574 0.436104 0.707134
    outer loop
      vertex -19.2201 -18.9383 43.9
      vertex -17.9277 -17.5069 42
      vertex -19.4659 -18.6246 43.9
    endloop
  endfacet
  facet normal -0 0.707107 0.707107
    outer loop
      vertex -16.75 -18.15 42
      vertex 16.75 -20.05 43.9
      vertex 16.75 -18.15 42
    endloop
  endfacet
  facet normal 0 0.707107 0.707107
    outer loop
      vertex 16.75 -20.05 43.9
      vertex -16.75 -18.15 42
      vertex -16.75 -20.05 43.9
    endloop
  endfacet
  facet normal -0.604642 0.365445 0.707713
    outer loop
      vertex 19.4659 -18.6246 43.9
      vertex 19.672 -18.2836 43.9
      vertex 18.0235 -17.3316 42
    endloop
  endfacet
  facet normal -0.127375 0.695242 0.707399
    outer loop
      vertex 17.1478 -20.0259 43.9
      vertex 17.5397 -19.9541 43.9
      vertex 17.1444 -18.0933 42
    endloop
  endfacet
  facet normal -0.592834 0.381133 0.709426
    outer loop
      vertex 19.4659 -18.6246 43.9
      vertex 18.0235 -17.3316 42
      vertex 17.808 -17.6668 42
    endloop
  endfacet
  facet normal 1 -0 0
    outer loop
      vertex -20.05 -16.75 45.7
      vertex -20.05 16.75 43.9
      vertex -20.05 16.75 45.7
    endloop
  endfacet
  facet normal 1 0 0
    outer loop
      vertex -20.05 16.75 43.9
      vertex -20.05 -16.75 45.7
      vertex -20.05 -16.75 43.9
    endloop
  endfacet
  facet normal 0.911856 -0.410511 0
    outer loop
      vertex -19.8356 17.9202 45.7
      vertex -19.672 18.2836 43.9
      vertex -19.672 18.2836 45.7
    endloop
  endfacet
  facet normal 0.911856 -0.410511 0
    outer loop
      vertex -19.672 18.2836 43.9
      vertex -19.8356 17.9202 45.7
      vertex -19.8356 17.9202 43.9
    endloop
  endfacet
  facet normal 0.983628 -0.180211 0
    outer loop
      vertex -20.0259 17.1478 45.7
      vertex -19.9541 17.5397 43.9
      vertex -19.9541 17.5397 45.7
    endloop
  endfacet
  facet normal 0.983628 -0.180211 0
    outer loop
      vertex -19.9541 17.5397 43.9
      vertex -20.0259 17.1478 45.7
      vertex -20.0259 17.1478 43.9
    endloop
  endfacet
  facet normal 0.643559 0.289725 0.708443
    outer loop
      vertex -19.672 -18.2836 43.9
      vertex -18.0933 -17.1444 42
      vertex -19.8356 -17.9202 43.9
    endloop
  endfacet
  facet normal -0.556574 -0.436104 0.707134
    outer loop
      vertex 19.4659 18.6246 43.9
      vertex 19.2201 18.9383 43.9
      vertex 17.9277 17.5069 42
    endloop
  endfacet
  facet normal -0.95477 -0.297346 0
    outer loop
      vertex 19.9541 17.5397 43.9
      vertex 19.8356 17.9202 45.7
      vertex 19.8356 17.9202 43.9
    endloop
  endfacet
  facet normal -0.95477 -0.297346 0
    outer loop
      vertex 19.8356 17.9202 45.7
      vertex 19.9541 17.5397 43.9
      vertex 19.9541 17.5397 45.7
    endloop
  endfacet
  facet normal 0 1 -0
    outer loop
      vertex 16.75 -20.05 43.9
      vertex -16.75 -20.05 45.7
      vertex 16.75 -20.05 45.7
    endloop
  endfacet
  facet normal 0 1 0
    outer loop
      vertex -16.75 -20.05 45.7
      vertex 16.75 -20.05 43.9
      vertex -16.75 -20.05 43.9
    endloop
  endfacet
  facet normal 0.707107 0.707107 0
    outer loop
      vertex -18.9383 -19.2201 45.7
      vertex -19.2201 -18.9383 43.9
      vertex -19.2201 -18.9383 45.7
    endloop
  endfacet
  facet normal 0.707107 0.707107 0
    outer loop
      vertex -19.2201 -18.9383 43.9
      vertex -18.9383 -19.2201 45.7
      vertex -18.9383 -19.2201 43.9
    endloop
  endfacet
  facet normal 0 0 -1
    outer loop
      vertex 18.15 16.75 42
      vertex 19.15 17 42
      vertex 19.15 -17 42
    endloop
  endfacet
  facet normal 0 0 -1
    outer loop
      vertex 18.0235 -17.3316 42
      vertex 19.15 -17 42
      vertex 19.0679 -17.5884 42
    endloop
  endfacet
  facet normal 0 0 -1
    outer loop
      vertex 18.15 16.75 42
      vertex 19.15 -17 42
      vertex 18.15 -16.75 42
    endloop
  endfacet
  facet normal 0 0 -1
    outer loop
      vertex 18.0235 -17.3316 42
      vertex 19.0679 -17.5884 42
      vertex 18.9246 -17.9583 42
    endloop
  endfacet
  facet normal 0 0 -1
    outer loop
      vertex 18.0933 17.1444 42
      vertex 19.15 17 42
      vertex 18.15 16.75 42
    endloop
  endfacet
  facet normal 0 0 -1
    outer loop
      vertex 17.808 -17.6668 42
      vertex 18.9246 -17.9583 42
      vertex 18.7157 -18.2957 42
    endloop
  endfacet
  facet normal 0 0 -1
    outer loop
      vertex 19.15 17 42
      vertex 18.0933 17.1444 42
      vertex 19.1134 17.3951 42
    endloop
  endfacet
  facet normal 0 0 -1
    outer loop
      vertex 17.808 -17.6668 42
      vertex 18.7157 -18.2957 42
      vertex 18.4484 -18.5889 42
    endloop
  endfacet
  facet normal -0 0 -1
    outer loop
      vertex 19.1134 17.3951 42
      vertex 18.0933 17.1444 42
      vertex 19.0048 17.7767 42
    endloop
  endfacet
  facet normal 0 0 -1
    outer loop
      vertex 17.9277 17.5069 42
      vertex 19.0048 17.7767 42
      vertex 18.0933 17.1444 42
    endloop
  endfacet
  facet normal 0 0 -1
    outer loop
      vertex 17.5069 -17.9277 42
      vertex 18.4484 -18.5889 42
      vertex 18.1318 -18.828 42
    endloop
  endfacet
  facet normal -0 0 -1
    outer loop
      vertex 19.15 -17 42
      vertex 18.0235 -17.3316 42
      vertex 18.15 -16.75 42
    endloop
  endfacet
  facet normal 0 0 -1
    outer loop
      vertex 18.9246 -17.9583 42
      vertex 17.808 -17.6668 42
      vertex 18.0235 -17.3316 42
    endloop
  endfacet
  facet normal 0 0 -1
    outer loop
      vertex 17.5069 -17.9277 42
      vertex 18.1318 -18.828 42
      vertex 17.7767 -19.0048 42
    endloop
  endfacet
  facet normal 0 0 -1
    outer loop
      vertex 18.4484 -18.5889 42
      vertex 17.5069 -17.9277 42
      vertex 17.808 -17.6668 42
    endloop
  endfacet
  facet normal 0 0 -1
    outer loop
      vertex 17.1444 -18.0933 42
      vertex 17.7767 -19.0048 42
      vertex 17.3951 -19.1134 42
    endloop
  endfacet
  facet normal 0 0 -1
    outer loop
      vertex 17.7767 -19.0048 42
      vertex 17.1444 -18.0933 42
      vertex 17.5069 -17.9277 42
    endloop
  endfacet
  facet normal 0 0 -1
    outer loop
      vertex 17 -19.15 42
      vertex 17.1444 -18.0933 42
      vertex 17.3951 -19.1134 42
    endloop
  endfacet
  facet normal 0 0 -1
    outer loop
      vertex 17 -19.15 42
      vertex 16.75 -18.15 42
      vertex 17.1444 -18.0933 42
    endloop
  endfacet
  facet normal 0 0 -1
    outer loop
      vertex 17 -19.15 42
      vertex -16.75 -18.15 42
      vertex 16.75 -18.15 42
    endloop
  endfacet
  facet normal 0 0 -1
    outer loop
      vertex -17 -19.15 42
      vertex -16.75 -18.15 42
      vertex 17 -19.15 42
    endloop
  endfacet
  facet normal 0 0 -1
    outer loop
      vertex -17 -19.15 42
      vertex -17.3316 -18.0235 42
      vertex -16.75 -18.15 42
    endloop
  endfacet
  facet normal 0 0 -1
    outer loop
      vertex -17.5884 -19.0679 42
      vertex -17.3316 -18.0235 42
      vertex -17 -19.15 42
    endloop
  endfacet
  facet normal 0 0 -1
    outer loop
      vertex -17.9583 -18.9246 42
      vertex -17.3316 -18.0235 42
      vertex -17.5884 -19.0679 42
    endloop
  endfacet
  facet normal -0 0 -1
    outer loop
      vertex -17.3316 -18.0235 42
      vertex -17.9583 -18.9246 42
      vertex -17.6668 -17.808 42
    endloop
  endfacet
  facet normal 0 0 -1
    outer loop
      vertex -18.2957 -18.7157 42
      vertex -17.6668 -17.808 42
      vertex -17.9583 -18.9246 42
    endloop
  endfacet
  facet normal 0 0 -1
    outer loop
      vertex -18.5889 -18.4484 42
      vertex -17.6668 -17.808 42
      vertex -18.2957 -18.7157 42
    endloop
  endfacet
  facet normal -0 0 -1
    outer loop
      vertex -17.6668 -17.808 42
      vertex -18.5889 -18.4484 42
      vertex -17.9277 -17.5069 42
    endloop
  endfacet
  facet normal 0 0 -1
    outer loop
      vertex -19.0048 -17.7767 42
      vertex -17.9277 -17.5069 42
      vertex -18.828 -18.1318 42
    endloop
  endfacet
  facet normal 0 0 -1
    outer loop
      vertex -18.828 -18.1318 42
      vertex -17.9277 -17.5069 42
      vertex -18.5889 -18.4484 42
    endloop
  endfacet
  facet normal -0 0 -1
    outer loop
      vertex 19.0048 17.7767 42
      vertex 17.9277 17.5069 42
      vertex 18.828 18.1318 42
    endloop
  endfacet
  facet normal -0 0 -1
    outer loop
      vertex 18.828 18.1318 42
      vertex 17.9277 17.5069 42
      vertex 18.5889 18.4484 42
    endloop
  endfacet
  facet normal 0 0 -1
    outer loop
      vertex 17.6668 17.808 42
      vertex 18.5889 18.4484 42
      vertex 17.9277 17.5069 42
    endloop
  endfacet
  facet normal -0 0 -1
    outer loop
      vertex 18.5889 18.4484 42
      vertex 17.6668 17.808 42
      vertex 18.2957 18.7157 42
    endloop
  endfacet
  facet normal -0 0 -1
    outer loop
      vertex 18.2957 18.7157 42
      vertex 17.6668 17.808 42
      vertex 17.9583 18.9246 42
    endloop
  endfacet
  facet normal 0 0 -1
    outer loop
      vertex 17.3316 18.0235 42
      vertex 17.9583 18.9246 42
      vertex 17.6668 17.808 42
    endloop
  endfacet
  facet normal -0 0 -1
    outer loop
      vertex 17.9583 18.9246 42
      vertex 17.3316 18.0235 42
      vertex 17.5884 19.0679 42
    endloop
  endfacet
  facet normal 0 0 -1
    outer loop
      vertex 17.3316 18.0235 42
      vertex 17 19.15 42
      vertex 17.5884 19.0679 42
    endloop
  endfacet
  facet normal 0 0 -1
    outer loop
      vertex 16.75 18.15 42
      vertex 17 19.15 42
      vertex 17.3316 18.0235 42
    endloop
  endfacet
  facet normal 0 0 -1
    outer loop
      vertex -16.75 18.15 42
      vertex 17 19.15 42
      vertex 16.75 18.15 42
    endloop
  endfacet
  facet normal 0 0 -1
    outer loop
      vertex -16.75 18.15 42
      vertex -17 19.15 42
      vertex 17 19.15 42
    endloop
  endfacet
  facet normal 0 0 -1
    outer loop
      vertex -17.1444 18.0933 42
      vertex -17 19.15 42
      vertex -16.75 18.15 42
    endloop
  endfacet
  facet normal 0 0 -1
    outer loop
      vertex -17.1444 18.0933 42
      vertex -17.3951 19.1134 42
      vertex -17 19.15 42
    endloop
  endfacet
  facet normal 0 0 -1
    outer loop
      vertex -17.7767 19.0048 42
      vertex -17.1444 18.0933 42
      vertex -17.5069 17.9277 42
    endloop
  endfacet
  facet normal 0 0 -1
    outer loop
      vertex -17.1444 18.0933 42
      vertex -17.7767 19.0048 42
      vertex -17.3951 19.1134 42
    endloop
  endfacet
  facet normal 0 0 -1
    outer loop
      vertex -18.4484 18.5889 42
      vertex -17.5069 17.9277 42
      vertex -17.808 17.6668 42
    endloop
  endfacet
  facet normal 0 0 -1
    outer loop
      vertex -18.9246 17.9583 42
      vertex -17.808 17.6668 42
      vertex -18.0235 17.3316 42
    endloop
  endfacet
  facet normal 0 0 -1
    outer loop
      vertex -17.5069 17.9277 42
      vertex -18.1318 18.828 42
      vertex -17.7767 19.0048 42
    endloop
  endfacet
  facet normal 0 0 -1
    outer loop
      vertex -19.15 17 42
      vertex -18.0235 17.3316 42
      vertex -18.15 16.75 42
    endloop
  endfacet
  facet normal 0 0 -1
    outer loop
      vertex -17.5069 17.9277 42
      vertex -18.4484 18.5889 42
      vertex -18.1318 18.828 42
    endloop
  endfacet
  facet normal -0 0 -1
    outer loop
      vertex -18.15 -16.75 42
      vertex -19.15 -17 42
      vertex -18.15 16.75 42
    endloop
  endfacet
  facet normal -0 0 -1
    outer loop
      vertex -17.9277 -17.5069 42
      vertex -19.0048 -17.7767 42
      vertex -18.0933 -17.1444 42
    endloop
  endfacet
  facet normal -0 0 -1
    outer loop
      vertex -18.15 16.75 42
      vertex -19.15 -17 42
      vertex -19.15 17 42
    endloop
  endfacet
  facet normal 0 0 -1
    outer loop
      vertex -19.1134 -17.3951 42
      vertex -18.0933 -17.1444 42
      vertex -19.0048 -17.7767 42
    endloop
  endfacet
  facet normal -0 0 -1
    outer loop
      vertex -18.0235 17.3316 42
      vertex -19.15 17 42
      vertex -19.0679 17.5884 42
    endloop
  endfacet
  facet normal 0 0 -1
    outer loop
      vertex -19.15 -17 42
      vertex -18.0933 -17.1444 42
      vertex -19.1134 -17.3951 42
    endloop
  endfacet
  facet normal 0 0 -1
    outer loop
      vertex -17.808 17.6668 42
      vertex -18.7157 18.2957 42
      vertex -18.4484 18.5889 42
    endloop
  endfacet
  facet normal 0 0 -1
    outer loop
      vertex -18.0933 -17.1444 42
      vertex -19.15 -17 42
      vertex -18.15 -16.75 42
    endloop
  endfacet
  facet normal 0 0 -1
    outer loop
      vertex -17.808 17.6668 42
      vertex -18.9246 17.9583 42
      vertex -18.7157 18.2957 42
    endloop
  endfacet
  facet normal 0 0 -1
    outer loop
      vertex -18.0235 17.3316 42
      vertex -19.0679 17.5884 42
      vertex -18.9246 17.9583 42
    endloop
  endfacet
  facet normal -0.707107 0 0.707107
    outer loop
      vertex 18.15 16.75 42
      vertex 20.05 -16.75 43.9
      vertex 20.05 16.75 43.9
    endloop
  endfacet
  facet normal -0.707107 0 0.707107
    outer loop
      vertex 20.05 -16.75 43.9
      vertex 18.15 16.75 42
      vertex 18.15 -16.75 42
    endloop
  endfacet
  facet normal 0.787145 -0.616768 0
    outer loop
      vertex -19.4659 18.6246 45.7
      vertex -19.2201 18.9383 43.9
      vertex -19.2201 18.9383 45.7
    endloop
  endfacet
  facet normal 0.787145 -0.616768 0
    outer loop
      vertex -19.2201 18.9383 43.9
      vertex -19.4659 18.6246 45.7
      vertex -19.4659 18.6246 43.9
    endloop
  endfacet
  facet normal -0.0604723 -0.99817 0
    outer loop
      vertex 16.75 20.05 43.9
      vertex 17.1478 20.0259 45.7
      vertex 16.75 20.05 45.7
    endloop
  endfacet
  facet normal -0.0604723 -0.99817 -0
    outer loop
      vertex 17.1478 20.0259 45.7
      vertex 16.75 20.05 43.9
      vertex 17.1478 20.0259 43.9
    endloop
  endfacet
  facet normal -0.911856 -0.410511 0
    outer loop
      vertex 19.8356 17.9202 43.9
      vertex 19.672 18.2836 45.7
      vertex 19.672 18.2836 43.9
    endloop
  endfacet
  facet normal -0.911856 -0.410511 0
    outer loop
      vertex 19.672 18.2836 45.7
      vertex 19.8356 17.9202 43.9
      vertex 19.8356 17.9202 45.7
    endloop
  endfacet
  facet normal -0.645798 0.290734 0.705988
    outer loop
      vertex 19.672 -18.2836 43.9
      vertex 19.8356 -17.9202 43.9
      vertex 18.0235 -17.3316 42
    endloop
  endfacet
  facet normal 0.290734 0.645798 0.705988
    outer loop
      vertex -17.9202 -19.8356 43.9
      vertex -17.3316 -18.0235 42
      vertex -18.2836 -19.672 43.9
    endloop
  endfacet
  facet normal 0.67616 0.210578 0.706021
    outer loop
      vertex -19.8356 -17.9202 43.9
      vertex -18.0933 -17.1444 42
      vertex -19.9541 -17.5397 43.9
    endloop
  endfacet
  facet normal -0.293099 0.641596 0.708835
    outer loop
      vertex 18.2836 -19.672 43.9
      vertex 17.5069 -17.9277 42
      vertex 17.1444 -18.0933 42
    endloop
  endfacet
  facet normal -0.149074 -0.685389 0.712755
    outer loop
      vertex 17.3316 18.0235 42
      vertex 17.5397 19.9541 43.9
      vertex 16.75 18.15 42
    endloop
  endfacet
  facet normal -0.674209 0.20997 0.708064
    outer loop
      vertex 19.8356 -17.9202 43.9
      vertex 19.9541 -17.5397 43.9
      vertex 18.0235 -17.3316 42
    endloop
  endfacet
  facet normal 0.293099 -0.641596 0.708835
    outer loop
      vertex -17.5069 17.9277 42
      vertex -17.1444 18.0933 42
      vertex -18.2836 19.672 43.9
    endloop
  endfacet
  facet normal -0.20997 -0.674209 0.708064
    outer loop
      vertex 17.9202 19.8356 43.9
      vertex 17.5397 19.9541 43.9
      vertex 17.3316 18.0235 42
    endloop
  endfacet
  facet normal -0.983628 -0.180211 0
    outer loop
      vertex 20.0259 17.1478 43.9
      vertex 19.9541 17.5397 45.7
      vertex 19.9541 17.5397 43.9
    endloop
  endfacet
  facet normal -0.983628 -0.180211 0
    outer loop
      vertex 19.9541 17.5397 45.7
      vertex 20.0259 17.1478 43.9
      vertex 20.0259 17.1478 45.7
    endloop
  endfacet
  facet normal -0.410511 0.911856 0
    outer loop
      vertex 18.2836 -19.672 43.9
      vertex 17.9202 -19.8356 45.7
      vertex 18.2836 -19.672 45.7
    endloop
  endfacet
  facet normal -0.410511 0.911856 0
    outer loop
      vertex 17.9202 -19.8356 45.7
      vertex 18.2836 -19.672 43.9
      vertex 17.9202 -19.8356 43.9
    endloop
  endfacet
  facet normal -0.461337 0.532421 0.709715
    outer loop
      vertex 18.9383 -19.2201 43.9
      vertex 17.808 -17.6668 42
      vertex 17.5069 -17.9277 42
    endloop
  endfacet
  facet normal 0.911856 0.410511 0
    outer loop
      vertex -19.672 -18.2836 45.7
      vertex -19.8356 -17.9202 43.9
      vertex -19.8356 -17.9202 45.7
    endloop
  endfacet
  facet normal 0.911856 0.410511 0
    outer loop
      vertex -19.8356 -17.9202 43.9
      vertex -19.672 -18.2836 45.7
      vertex -19.672 -18.2836 43.9
    endloop
  endfacet
  facet normal 0 -1 0
    outer loop
      vertex -16.75 20.05 43.9
      vertex 16.75 20.05 45.7
      vertex -16.75 20.05 45.7
    endloop
  endfacet
  facet normal 0 -1 -0
    outer loop
      vertex 16.75 20.05 45.7
      vertex -16.75 20.05 43.9
      vertex 16.75 20.05 43.9
    endloop
  endfacet
  facet normal 0.20997 0.674209 0.708064
    outer loop
      vertex -17.5397 -19.9541 43.9
      vertex -17.3316 -18.0235 42
      vertex -17.9202 -19.8356 43.9
    endloop
  endfacet
  facet normal 0.365445 0.604642 0.707713
    outer loop
      vertex -18.2836 -19.672 43.9
      vertex -17.3316 -18.0235 42
      vertex -18.6246 -19.4659 43.9
    endloop
  endfacet
  facet normal 0.517261 0.855828 -0
    outer loop
      vertex -18.2836 -19.672 43.9
      vertex -18.6246 -19.4659 45.7
      vertex -18.2836 -19.672 45.7
    endloop
  endfacet
  facet normal 0.517261 0.855828 0
    outer loop
      vertex -18.6246 -19.4659 45.7
      vertex -18.2836 -19.672 43.9
      vertex -18.6246 -19.4659 43.9
    endloop
  endfacet
  facet normal -0.983628 0.180211 0
    outer loop
      vertex 19.9541 -17.5397 43.9
      vertex 20.0259 -17.1478 45.7
      vertex 20.0259 -17.1478 43.9
    endloop
  endfacet
  facet normal -0.983628 0.180211 0
    outer loop
      vertex 20.0259 -17.1478 45.7
      vertex 19.9541 -17.5397 43.9
      vertex 19.9541 -17.5397 45.7
    endloop
  endfacet
  facet normal -0.366281 0.606026 0.706095
    outer loop
      vertex 18.2836 -19.672 43.9
      vertex 18.6246 -19.4659 43.9
      vertex 17.5069 -17.9277 42
    endloop
  endfacet
  facet normal -0.692448 0.126863 0.710226
    outer loop
      vertex 19.9541 -17.5397 43.9
      vertex 20.0259 -17.1478 43.9
      vertex 18.15 -16.75 42
    endloop
  endfacet
  facet normal -0.706459 0.0427995 0.706459
    outer loop
      vertex 20.0259 -17.1478 43.9
      vertex 20.05 -16.75 43.9
      vertex 18.15 -16.75 42
    endloop
  endfacet
  facet normal -0.500317 0.500317 0.706658
    outer loop
      vertex 18.9383 -19.2201 43.9
      vertex 19.2201 -18.9383 43.9
      vertex 17.808 -17.6668 42
    endloop
  endfacet
  facet normal 0.95477 0.297346 0
    outer loop
      vertex -19.8356 -17.9202 45.7
      vertex -19.9541 -17.5397 43.9
      vertex -19.9541 -17.5397 45.7
    endloop
  endfacet
  facet normal 0.95477 0.297346 0
    outer loop
      vertex -19.9541 -17.5397 43.9
      vertex -19.8356 -17.9202 45.7
      vertex -19.8356 -17.9202 43.9
    endloop
  endfacet
  facet normal -0.557219 0.436609 0.706314
    outer loop
      vertex 19.2201 -18.9383 43.9
      vertex 19.4659 -18.6246 43.9
      vertex 17.808 -17.6668 42
    endloop
  endfacet
  facet normal -0.99817 -0.0604723 0
    outer loop
      vertex 20.05 16.75 43.9
      vertex 20.0259 17.1478 45.7
      vertex 20.0259 17.1478 43.9
    endloop
  endfacet
  facet normal -0.99817 -0.0604723 0
    outer loop
      vertex 20.0259 17.1478 45.7
      vertex 20.05 16.75 43.9
      vertex 20.05 16.75 45.7
    endloop
  endfacet
  facet normal -0.436104 0.556574 0.707134
    outer loop
      vertex 18.6246 -19.4659 43.9
      vertex 18.9383 -19.2201 43.9
      vertex 17.5069 -17.9277 42
    endloop
  endfacet
  facet normal -0.289725 0.643559 0.708443
    outer loop
      vertex 17.9202 -19.8356 43.9
      vertex 18.2836 -19.672 43.9
      vertex 17.1444 -18.0933 42
    endloop
  endfacet
  facet normal -0.410511 -0.911856 0
    outer loop
      vertex 17.9202 19.8356 43.9
      vertex 18.2836 19.672 45.7
      vertex 17.9202 19.8356 45.7
    endloop
  endfacet
  facet normal -0.410511 -0.911856 -0
    outer loop
      vertex 18.2836 19.672 45.7
      vertex 17.9202 19.8356 43.9
      vertex 18.2836 19.672 43.9
    endloop
  endfacet
  facet normal 0.180211 -0.983628 0
    outer loop
      vertex -17.5397 19.9541 43.9
      vertex -17.1478 20.0259 45.7
      vertex -17.5397 19.9541 45.7
    endloop
  endfacet
  facet normal 0.180211 -0.983628 0
    outer loop
      vertex -17.1478 20.0259 45.7
      vertex -17.5397 19.9541 43.9
      vertex -17.1478 20.0259 43.9
    endloop
  endfacet
  facet normal 0.604642 -0.365445 0.707713
    outer loop
      vertex -18.0235 17.3316 42
      vertex -19.4659 18.6246 43.9
      vertex -19.672 18.2836 43.9
    endloop
  endfacet
  facet normal -0.616768 0.787145 0
    outer loop
      vertex 18.9383 -19.2201 43.9
      vertex 18.6246 -19.4659 45.7
      vertex 18.9383 -19.2201 45.7
    endloop
  endfacet
  facet normal -0.616768 0.787145 0
    outer loop
      vertex 18.6246 -19.4659 45.7
      vertex 18.9383 -19.2201 43.9
      vertex 18.6246 -19.4659 43.9
    endloop
  endfacet
  facet normal 0.707107 0 0.707107
    outer loop
      vertex -20.05 16.75 43.9
      vertex -18.15 -16.75 42
      vertex -18.15 16.75 42
    endloop
  endfacet
  facet normal 0.707107 0 0.707107
    outer loop
      vertex -18.15 -16.75 42
      vertex -20.05 16.75 43.9
      vertex -20.05 -16.75 43.9
    endloop
  endfacet
  facet normal -0.210578 0.67616 0.706021
    outer loop
      vertex 17.5397 -19.9541 43.9
      vertex 17.9202 -19.8356 43.9
      vertex 17.1444 -18.0933 42
    endloop
  endfacet
  facet normal -0.67616 -0.210578 0.706021
    outer loop
      vertex 19.9541 17.5397 43.9
      vertex 19.8356 17.9202 43.9
      vertex 18.0933 17.1444 42
    endloop
  endfacet
  facet normal -0.695242 -0.127375 0.707399
    outer loop
      vertex 20.0259 17.1478 43.9
      vertex 19.9541 17.5397 43.9
      vertex 18.0933 17.1444 42
    endloop
  endfacet
  facet normal 0.126863 0.692448 0.710226
    outer loop
      vertex -17.1478 -20.0259 43.9
      vertex -16.75 -18.15 42
      vertex -17.5397 -19.9541 43.9
    endloop
  endfacet
  facet normal 0.0427995 0.706459 0.706459
    outer loop
      vertex -16.75 -20.05 43.9
      vertex -16.75 -18.15 42
      vertex -17.1478 -20.0259 43.9
    endloop
  endfacet
  facet normal 0.436609 0.557219 0.706314
    outer loop
      vertex -18.6246 -19.4659 43.9
      vertex -17.6668 -17.808 42
      vertex -18.9383 -19.2201 43.9
    endloop
  endfacet
  facet normal 0.381133 0.592834 0.709426
    outer loop
      vertex -17.3316 -18.0235 42
      vertex -17.6668 -17.808 42
      vertex -18.6246 -19.4659 43.9
    endloop
  endfacet
  facet normal -0.95477 0.297346 0
    outer loop
      vertex 19.8356 -17.9202 43.9
      vertex 19.9541 -17.5397 45.7
      vertex 19.9541 -17.5397 43.9
    endloop
  endfacet
  facet normal -0.95477 0.297346 0
    outer loop
      vertex 19.9541 -17.5397 45.7
      vertex 19.8356 -17.9202 43.9
      vertex 19.8356 -17.9202 45.7
    endloop
  endfacet
  facet normal -0.911856 0.410511 0
    outer loop
      vertex 19.672 -18.2836 43.9
      vertex 19.8356 -17.9202 45.7
      vertex 19.8356 -17.9202 43.9
    endloop
  endfacet
  facet normal -0.911856 0.410511 0
    outer loop
      vertex 19.8356 -17.9202 45.7
      vertex 19.672 -18.2836 43.9
      vertex 19.672 -18.2836 45.7
    endloop
  endfacet
  facet normal 0.0604723 -0.99817 0
    outer loop
      vertex -17.1478 20.0259 43.9
      vertex -16.75 20.05 45.7
      vertex -17.1478 20.0259 45.7
    endloop
  endfacet
  facet normal 0.0604723 -0.99817 0
    outer loop
      vertex -16.75 20.05 45.7
      vertex -17.1478 20.0259 43.9
      vertex -16.75 20.05 43.9
    endloop
  endfacet
  facet normal 0.645798 -0.290734 0.705988
    outer loop
      vertex -18.0235 17.3316 42
      vertex -19.672 18.2836 43.9
      vertex -19.8356 17.9202 43.9
    endloop
  endfacet
  facet normal 0.180211 0.983628 -0
    outer loop
      vertex -17.1478 -20.0259 43.9
      vertex -17.5397 -19.9541 45.7
      vertex -17.1478 -20.0259 45.7
    endloop
  endfacet
  facet normal 0.180211 0.983628 0
    outer loop
      vertex -17.5397 -19.9541 45.7
      vertex -17.1478 -20.0259 43.9
      vertex -17.5397 -19.9541 43.9
    endloop
  endfacet
  facet normal 0.592834 -0.381133 0.709426
    outer loop
      vertex -18.0235 17.3316 42
      vertex -17.808 17.6668 42
      vertex -19.4659 18.6246 43.9
    endloop
  endfacet
  facet normal 0.0604723 0.99817 -0
    outer loop
      vertex -16.75 -20.05 43.9
      vertex -17.1478 -20.0259 45.7
      vertex -16.75 -20.05 45.7
    endloop
  endfacet
  facet normal 0.0604723 0.99817 0
    outer loop
      vertex -17.1478 -20.0259 45.7
      vertex -16.75 -20.05 43.9
      vertex -17.1478 -20.0259 43.9
    endloop
  endfacet
  facet normal -0.787145 0.616768 0
    outer loop
      vertex 19.2201 -18.9383 43.9
      vertex 19.4659 -18.6246 45.7
      vertex 19.4659 -18.6246 43.9
    endloop
  endfacet
  facet normal -0.787145 0.616768 0
    outer loop
      vertex 19.4659 -18.6246 45.7
      vertex 19.2201 -18.9383 43.9
      vertex 19.2201 -18.9383 45.7
    endloop
  endfacet
  facet normal -0.99817 0.0604723 0
    outer loop
      vertex 20.0259 -17.1478 43.9
      vertex 20.05 -16.75 45.7
      vertex 20.05 -16.75 43.9
    endloop
  endfacet
  facet normal -0.99817 0.0604723 0
    outer loop
      vertex 20.05 -16.75 45.7
      vertex 20.0259 -17.1478 43.9
      vertex 20.0259 -17.1478 45.7
    endloop
  endfacet
  facet normal -0.365445 -0.604642 0.707713
    outer loop
      vertex 18.6246 19.4659 43.9
      vertex 18.2836 19.672 43.9
      vertex 17.3316 18.0235 42
    endloop
  endfacet
  facet normal 0.983628 0.180211 0
    outer loop
      vertex -19.9541 -17.5397 45.7
      vertex -20.0259 -17.1478 43.9
      vertex -20.0259 -17.1478 45.7
    endloop
  endfacet
  facet normal 0.983628 0.180211 0
    outer loop
      vertex -20.0259 -17.1478 43.9
      vertex -19.9541 -17.5397 45.7
      vertex -19.9541 -17.5397 43.9
    endloop
  endfacet
  facet normal 0.695242 0.127375 0.707399
    outer loop
      vertex -19.9541 -17.5397 43.9
      vertex -18.0933 -17.1444 42
      vertex -20.0259 -17.1478 43.9
    endloop
  endfacet
  facet normal 0.616768 -0.787145 0
    outer loop
      vertex -18.9383 19.2201 43.9
      vertex -18.6246 19.4659 45.7
      vertex -18.9383 19.2201 45.7
    endloop
  endfacet
  facet normal 0.616768 -0.787145 0
    outer loop
      vertex -18.6246 19.4659 45.7
      vertex -18.9383 19.2201 43.9
      vertex -18.6246 19.4659 43.9
    endloop
  endfacet
  facet normal -0.126863 -0.692448 0.710226
    outer loop
      vertex 17.5397 19.9541 43.9
      vertex 17.1478 20.0259 43.9
      vertex 16.75 18.15 42
    endloop
  endfacet
  facet normal -0.517261 0.855828 0
    outer loop
      vertex 18.6246 -19.4659 43.9
      vertex 18.2836 -19.672 45.7
      vertex 18.6246 -19.4659 45.7
    endloop
  endfacet
  facet normal -0.517261 0.855828 0
    outer loop
      vertex 18.2836 -19.672 45.7
      vertex 18.6246 -19.4659 43.9
      vertex 18.2836 -19.672 43.9
    endloop
  endfacet
  facet normal 0.100266 -0.697444 0.70959
    outer loop
      vertex -17.1444 18.0933 42
      vertex -16.75 18.15 42
      vertex -17.1478 20.0259 43.9
    endloop
  endfacet
  facet normal -0.606026 -0.366281 0.706095
    outer loop
      vertex 19.672 18.2836 43.9
      vertex 19.4659 18.6246 43.9
      vertex 17.9277 17.5069 42
    endloop
  endfacet
  facet normal -0.641596 -0.293099 0.708835
    outer loop
      vertex 18.0933 17.1444 42
      vertex 19.672 18.2836 43.9
      vertex 17.9277 17.5069 42
    endloop
  endfacet
  facet normal -0.180211 0.983628 0
    outer loop
      vertex 17.5397 -19.9541 43.9
      vertex 17.1478 -20.0259 45.7
      vertex 17.5397 -19.9541 45.7
    endloop
  endfacet
  facet normal -0.180211 0.983628 0
    outer loop
      vertex 17.1478 -20.0259 45.7
      vertex 17.5397 -19.9541 43.9
      vertex 17.1478 -20.0259 43.9
    endloop
  endfacet
  facet normal -0.616768 -0.787145 0
    outer loop
      vertex 18.6246 19.4659 43.9
      vertex 18.9383 19.2201 45.7
      vertex 18.6246 19.4659 45.7
    endloop
  endfacet
  facet normal -0.616768 -0.787145 -0
    outer loop
      vertex 18.9383 19.2201 45.7
      vertex 18.6246 19.4659 43.9
      vertex 18.9383 19.2201 43.9
    endloop
  endfacet
  facet normal -0.297346 0.95477 0
    outer loop
      vertex 17.9202 -19.8356 43.9
      vertex 17.5397 -19.9541 45.7
      vertex 17.9202 -19.8356 45.7
    endloop
  endfacet
  facet normal -0.297346 0.95477 0
    outer loop
      vertex 17.5397 -19.9541 45.7
      vertex 17.9202 -19.8356 43.9
      vertex 17.5397 -19.9541 43.9
    endloop
  endfacet
  facet normal 0.289725 -0.643559 0.708443
    outer loop
      vertex -17.1444 18.0933 42
      vertex -17.9202 19.8356 43.9
      vertex -18.2836 19.672 43.9
    endloop
  endfacet
  facet normal -0.855828 -0.517261 0
    outer loop
      vertex 19.672 18.2836 43.9
      vertex 19.4659 18.6246 45.7
      vertex 19.4659 18.6246 43.9
    endloop
  endfacet
  facet normal -0.855828 -0.517261 0
    outer loop
      vertex 19.4659 18.6246 45.7
      vertex 19.672 18.2836 43.9
      vertex 19.672 18.2836 45.7
    endloop
  endfacet
  facet normal -0.0427995 -0.706459 0.706459
    outer loop
      vertex 17.1478 20.0259 43.9
      vertex 16.75 20.05 43.9
      vertex 16.75 18.15 42
    endloop
  endfacet
  facet normal 0.127375 -0.695242 0.707399
    outer loop
      vertex -17.1444 18.0933 42
      vertex -17.1478 20.0259 43.9
      vertex -17.5397 19.9541 43.9
    endloop
  endfacet
  facet normal -0.707107 -0.707107 0
    outer loop
      vertex 19.2201 18.9383 43.9
      vertex 18.9383 19.2201 45.7
      vertex 18.9383 19.2201 43.9
    endloop
  endfacet
  facet normal -0.707107 -0.707107 0
    outer loop
      vertex 18.9383 19.2201 45.7
      vertex 19.2201 18.9383 43.9
      vertex 19.2201 18.9383 45.7
    endloop
  endfacet
  facet normal -0.500317 -0.500317 0.706658
    outer loop
      vertex 19.2201 18.9383 43.9
      vertex 18.9383 19.2201 43.9
      vertex 17.6668 17.808 42
    endloop
  endfacet
  facet normal -0.436609 -0.557219 0.706314
    outer loop
      vertex 18.9383 19.2201 43.9
      vertex 18.6246 19.4659 43.9
      vertex 17.6668 17.808 42
    endloop
  endfacet
  facet normal -0.297346 -0.95477 0
    outer loop
      vertex 17.5397 19.9541 43.9
      vertex 17.9202 19.8356 45.7
      vertex 17.5397 19.9541 45.7
    endloop
  endfacet
  facet normal -0.297346 -0.95477 -0
    outer loop
      vertex 17.9202 19.8356 45.7
      vertex 17.5397 19.9541 43.9
      vertex 17.9202 19.8356 43.9
    endloop
  endfacet
  facet normal 0.557219 -0.436609 0.706314
    outer loop
      vertex -17.808 17.6668 42
      vertex -19.2201 18.9383 43.9
      vertex -19.4659 18.6246 43.9
    endloop
  endfacet
  facet normal 0.461337 -0.532421 0.709715
    outer loop
      vertex -17.808 17.6668 42
      vertex -17.5069 17.9277 42
      vertex -18.9383 19.2201 43.9
    endloop
  endfacet
  facet normal 0.706459 -0.0427995 0.706459
    outer loop
      vertex -18.15 16.75 42
      vertex -20.0259 17.1478 43.9
      vertex -20.05 16.75 43.9
    endloop
  endfacet
  facet normal -0.290734 -0.645798 0.705988
    outer loop
      vertex 18.2836 19.672 43.9
      vertex 17.9202 19.8356 43.9
      vertex 17.3316 18.0235 42
    endloop
  endfacet
  facet normal 0.517261 -0.855828 0
    outer loop
      vertex -18.6246 19.4659 43.9
      vertex -18.2836 19.672 45.7
      vertex -18.6246 19.4659 45.7
    endloop
  endfacet
  facet normal 0.517261 -0.855828 0
    outer loop
      vertex -18.2836 19.672 45.7
      vertex -18.6246 19.4659 43.9
      vertex -18.2836 19.672 43.9
    endloop
  endfacet
  facet normal 0.366281 -0.606026 0.706095
    outer loop
      vertex -17.5069 17.9277 42
      vertex -18.2836 19.672 43.9
      vertex -18.6246 19.4659 43.9
    endloop
  endfacet
  facet normal -0.180211 -0.983628 0
    outer loop
      vertex 17.1478 20.0259 43.9
      vertex 17.5397 19.9541 45.7
      vertex 17.1478 20.0259 45.7
    endloop
  endfacet
  facet normal -0.180211 -0.983628 -0
    outer loop
      vertex 17.5397 19.9541 45.7
      vertex 17.1478 20.0259 43.9
      vertex 17.5397 19.9541 43.9
    endloop
  endfacet
  facet normal 0.692448 -0.126863 0.710226
    outer loop
      vertex -18.15 16.75 42
      vertex -19.9541 17.5397 43.9
      vertex -20.0259 17.1478 43.9
    endloop
  endfacet
  facet normal 0.0427995 -0.706459 0.706459
    outer loop
      vertex -16.75 18.15 42
      vertex -16.75 20.05 43.9
      vertex -17.1478 20.0259 43.9
    endloop
  endfacet
  facet normal -0.787145 -0.616768 0
    outer loop
      vertex 19.4659 18.6246 43.9
      vertex 19.2201 18.9383 45.7
      vertex 19.2201 18.9383 43.9
    endloop
  endfacet
  facet normal -0.787145 -0.616768 0
    outer loop
      vertex 19.2201 18.9383 45.7
      vertex 19.4659 18.6246 43.9
      vertex 19.4659 18.6246 45.7
    endloop
  endfacet
  facet normal -0.643559 -0.289725 0.708443
    outer loop
      vertex 19.8356 17.9202 43.9
      vertex 19.672 18.2836 43.9
      vertex 18.0933 17.1444 42
    endloop
  endfacet
  facet normal 0.436104 -0.556574 0.707134
    outer loop
      vertex -17.5069 17.9277 42
      vertex -18.6246 19.4659 43.9
      vertex -18.9383 19.2201 43.9
    endloop
  endfacet
  facet normal 0.674209 -0.20997 0.708064
    outer loop
      vertex -18.0235 17.3316 42
      vertex -19.8356 17.9202 43.9
      vertex -19.9541 17.5397 43.9
    endloop
  endfacet
  facet normal 0.95477 -0.297346 0
    outer loop
      vertex -19.9541 17.5397 45.7
      vertex -19.8356 17.9202 43.9
      vertex -19.8356 17.9202 45.7
    endloop
  endfacet
  facet normal 0.95477 -0.297346 0
    outer loop
      vertex -19.8356 17.9202 43.9
      vertex -19.9541 17.5397 45.7
      vertex -19.9541 17.5397 43.9
    endloop
  endfacet
  facet normal 0.855828 -0.517261 0
    outer loop
      vertex -19.672 18.2836 45.7
      vertex -19.4659 18.6246 43.9
      vertex -19.4659 18.6246 45.7
    endloop
  endfacet
  facet normal 0.855828 -0.517261 0
    outer loop
      vertex -19.4659 18.6246 43.9
      vertex -19.672 18.2836 45.7
      vertex -19.672 18.2836 43.9
    endloop
  endfacet
  facet normal 0.410511 -0.911856 0
    outer loop
      vertex -18.2836 19.672 43.9
      vertex -17.9202 19.8356 45.7
      vertex -18.2836 19.672 45.7
    endloop
  endfacet
  facet normal 0.410511 -0.911856 0
    outer loop
      vertex -17.9202 19.8356 45.7
      vertex -18.2836 19.672 43.9
      vertex -17.9202 19.8356 43.9
    endloop
  endfacet
  facet normal 0.210578 -0.67616 0.706021
    outer loop
      vertex -17.1444 18.0933 42
      vertex -17.5397 19.9541 43.9
      vertex -17.9202 19.8356 43.9
    endloop
  endfacet
  facet normal 0.297346 -0.95477 0
    outer loop
      vertex -17.9202 19.8356 43.9
      vertex -17.5397 19.9541 45.7
      vertex -17.9202 19.8356 45.7
    endloop
  endfacet
  facet normal 0.297346 -0.95477 0
    outer loop
      vertex -17.5397 19.9541 45.7
      vertex -17.9202 19.8356 43.9
      vertex -17.5397 19.9541 43.9
    endloop
  endfacet
  facet normal -0.892606 0.054077 0.447582
    outer loop
      vertex 20.4 -16.75 46.398
      vertex 20.05 -16.75 45.7
      vertex 20.0259 -17.1478 45.7
    endloop
  endfacet
  facet normal 0 1 -0
    outer loop
      vertex 16.75 -20.4 46.398
      vertex -16.75 -20.4 46.4
      vertex 16.75 -20.4 46.4
    endloop
  endfacet
  facet normal 0 1 0
    outer loop
      vertex -16.75 -20.4 46.4
      vertex 16.75 -20.4 46.398
      vertex -16.75 -20.4 46.398
    endloop
  endfacet
  facet normal 0.895761 -0.0729654 0.438508
    outer loop
      vertex -20.0259 17.1478 45.7
      vertex -20.3519 17.3405 46.398
      vertex -20.4 16.75 46.398
    endloop
  endfacet
  facet normal -0.16169 0.986842 0
    outer loop
      vertex 17.5346 -20.3147 46.398
      vertex 17.1446 -20.3786 46.4
      vertex 17.5346 -20.3147 46.4
    endloop
  endfacet
  facet normal -0.16169 0.986842 0
    outer loop
      vertex 17.1446 -20.3786 46.4
      vertex 17.5346 -20.3147 46.398
      vertex 17.1446 -20.3786 46.398
    endloop
  endfacet
  facet normal -0.929034 -0.369994 0
    outer loop
      vertex 20.2089 17.9155 46.398
      vertex 20.0627 18.2826 46.4
      vertex 20.0627 18.2826 46.398
    endloop
  endfacet
  facet normal -0.929034 -0.369994 0
    outer loop
      vertex 20.0627 18.2826 46.4
      vertex 20.2089 17.9155 46.398
      vertex 20.2089 17.9155 46.4
    endloop
  endfacet
  facet normal -0.986842 -0.16169 0
    outer loop
      vertex 20.3786 17.1446 46.398
      vertex 20.3147 17.5346 46.4
      vertex 20.3147 17.5346 46.398
    endloop
  endfacet
  facet normal -0.986842 -0.16169 0
    outer loop
      vertex 20.3147 17.5346 46.4
      vertex 20.3786 17.1446 46.398
      vertex 20.3786 17.1446 46.4
    endloop
  endfacet
  facet normal -0.851375 0.265146 0.452614
    outer loop
      vertex 20.267 -17.7265 46.398
      vertex 19.9541 -17.5397 45.7
      vertex 19.8356 -17.9202 45.7
    endloop
  endfacet
  facet normal 0.827665 0.561223 0
    outer loop
      vertex -19.6557 -18.9589 46.4
      vertex -19.8775 -18.6318 46.398
      vertex -19.8775 -18.6318 46.4
    endloop
  endfacet
  facet normal 0.827665 0.561223 0
    outer loop
      vertex -19.8775 -18.6318 46.398
      vertex -19.6557 -18.9589 46.4
      vertex -19.6557 -18.9589 46.398
    endloop
  endfacet
  facet normal 0 -0.893914 0.448238
    outer loop
      vertex -16.75 20.05 45.7
      vertex 16.75 20.4 46.398
      vertex -16.75 20.4 46.398
    endloop
  endfacet
  facet normal 0 -0.893914 0.448238
    outer loop
      vertex 16.75 20.4 46.398
      vertex -16.75 20.05 45.7
      vertex 16.75 20.05 45.7
    endloop
  endfacet
  facet normal -0.239776 0.863239 0.444214
    outer loop
      vertex 17.9155 -20.2089 46.398
      vertex 17.5397 -19.9541 45.7
      vertex 17.5346 -20.3147 46.398
    endloop
  endfacet
  facet normal -0.419989 -0.907529 0
    outer loop
      vertex 18.101 20.1408 46.398
      vertex 18.4597 19.9748 46.4
      vertex 18.101 20.1408 46.4
    endloop
  endfacet
  facet normal -0.419989 -0.907529 -0
    outer loop
      vertex 18.4597 19.9748 46.4
      vertex 18.101 20.1408 46.398
      vertex 18.4597 19.9748 46.398
    endloop
  endfacet
  facet normal -0.267631 0.963522 0
    outer loop
      vertex 17.9155 -20.2089 46.398
      vertex 17.5346 -20.3147 46.4
      vertex 17.9155 -20.2089 46.4
    endloop
  endfacet
  facet normal -0.267631 0.963522 0
    outer loop
      vertex 17.5346 -20.3147 46.4
      vertex 17.9155 -20.2089 46.398
      vertex 17.5346 -20.3147 46.398
    endloop
  endfacet
  facet normal 0.460748 0.765878 0.448489
    outer loop
      vertex -18.4597 -19.9748 46.398
      vertex -18.2836 -19.672 45.7
      vertex -18.7983 -19.7711 46.398
    endloop
  endfacet
  facet normal -0.285959 -0.848587 0.445115
    outer loop
      vertex 17.9202 19.8356 45.7
      vertex 18.101 20.1408 46.398
      vertex 17.7265 20.267 46.398
    endloop
  endfacet
  facet normal -0.0541526 0.998533 0
    outer loop
      vertex 17.1446 -20.3786 46.398
      vertex 16.75 -20.4 46.4
      vertex 17.1446 -20.3786 46.4
    endloop
  endfacet
  facet normal -0.0541526 0.998533 0
    outer loop
      vertex 16.75 -20.4 46.4
      vertex 17.1446 -20.3786 46.398
      vertex 16.75 -20.4 46.398
    endloop
  endfacet
  facet normal -0.541525 -0.71245 0.446279
    outer loop
      vertex 19.113 19.5319 46.398
      vertex 18.7983 19.7711 46.398
      vertex 18.6246 19.4659 45.7
    endloop
  endfacet
  facet normal -0.420105 0.792121 0.442782
    outer loop
      vertex 18.6318 -19.8775 46.398
      vertex 18.2836 -19.672 45.7
      vertex 18.2826 -20.0627 46.398
    endloop
  endfacet
  facet normal 0.420105 -0.792121 0.442782
    outer loop
      vertex -18.2836 19.672 45.7
      vertex -18.2826 20.0627 46.398
      vertex -18.6318 19.8775 46.398
    endloop
  endfacet
  facet normal 0.851375 -0.265146 0.452614
    outer loop
      vertex -19.9541 17.5397 45.7
      vertex -19.8356 17.9202 45.7
      vertex -20.267 17.7265 46.398
    endloop
  endfacet
  facet normal 0 -1 0
    outer loop
      vertex -16.75 20.4 46.398
      vertex 16.75 20.4 46.4
      vertex -16.75 20.4 46.4
    endloop
  endfacet
  facet normal 0 -1 -0
    outer loop
      vertex 16.75 20.4 46.4
      vertex -16.75 20.4 46.398
      vertex 16.75 20.4 46.398
    endloop
  endfacet
  facet normal 0.460794 -0.7624 0.454329
    outer loop
      vertex -18.6246 19.4659 45.7
      vertex -18.2836 19.672 45.7
      vertex -18.6318 19.8775 46.398
    endloop
  endfacet
  facet normal -0.892866 -0.048422 0.447712
    outer loop
      vertex 20.4 16.75 46.398
      vertex 20.3786 17.1446 46.398
      vertex 20.05 16.75 45.7
    endloop
  endfacet
  facet normal -0.365725 0.812374 0.454196
    outer loop
      vertex 18.2826 -20.0627 46.398
      vertex 18.2836 -19.672 45.7
      vertex 17.9202 -19.8356 45.7
    endloop
  endfacet
  facet normal -0.893914 0 0.448238
    outer loop
      vertex 20.05 -16.75 45.7
      vertex 20.4 16.75 46.398
      vertex 20.05 16.75 45.7
    endloop
  endfacet
  facet normal -0.893914 0 0.448238
    outer loop
      vertex 20.4 16.75 46.398
      vertex 20.05 -16.75 45.7
      vertex 20.4 -16.75 46.398
    endloop
  endfacet
  facet normal 0.976655 -0.214814 0
    outer loop
      vertex -20.3519 17.3405 46.4
      vertex -20.267 17.7265 46.398
      vertex -20.267 17.7265 46.4
    endloop
  endfacet
  facet normal 0.976655 -0.214814 0
    outer loop
      vertex -20.267 17.7265 46.398
      vertex -20.3519 17.3405 46.4
      vertex -20.3519 17.3405 46.398
    endloop
  endfacet
  facet normal 0.893914 -0 0.448238
    outer loop
      vertex -20.4 -16.75 46.398
      vertex -20.05 16.75 45.7
      vertex -20.4 16.75 46.398
    endloop
  endfacet
  facet normal 0.893914 0 0.448238
    outer loop
      vertex -20.05 16.75 45.7
      vertex -20.4 -16.75 46.398
      vertex -20.05 -16.75 45.7
    endloop
  endfacet
  facet normal 0.630389 0.630389 0.453013
    outer loop
      vertex -18.9383 -19.2201 45.7
      vertex -19.2201 -18.9383 45.7
      vertex -19.3999 -19.2601 46.398
    endloop
  endfacet
  facet normal -0.0539993 0.891324 0.450139
    outer loop
      vertex 17.1446 -20.3786 46.398
      vertex 17.1478 -20.0259 45.7
      vertex 16.75 -20.05 45.7
    endloop
  endfacet
  facet normal -0.468539 0.883443 0
    outer loop
      vertex 18.6318 -19.8775 46.398
      vertex 18.2826 -20.0627 46.4
      vertex 18.6318 -19.8775 46.4
    endloop
  endfacet
  facet normal -0.468539 0.883443 0
    outer loop
      vertex 18.2826 -20.0627 46.4
      vertex 18.6318 -19.8775 46.398
      vertex 18.2826 -20.0627 46.398
    endloop
  endfacet
  facet normal 0.856889 -0.5155 0
    outer loop
      vertex -19.9748 18.4597 46.4
      vertex -19.7711 18.7983 46.398
      vertex -19.7711 18.7983 46.4
    endloop
  endfacet
  facet normal 0.856889 -0.5155 0
    outer loop
      vertex -19.7711 18.7983 46.398
      vertex -19.9748 18.4597 46.4
      vertex -19.9748 18.4597 46.398
    endloop
  endfacet
  facet normal -0.160743 0.877369 0.452091
    outer loop
      vertex 17.5346 -20.3147 46.398
      vertex 17.5397 -19.9541 45.7
      vertex 17.1478 -20.0259 45.7
    endloop
  endfacet
  facet normal -0.0811875 -0.996699 0
    outer loop
      vertex 16.75 20.4 46.398
      vertex 17.3405 20.3519 46.4
      vertex 16.75 20.4 46.4
    endloop
  endfacet
  facet normal -0.0811875 -0.996699 -0
    outer loop
      vertex 17.3405 20.3519 46.4
      vertex 16.75 20.4 46.398
      vertex 17.3405 20.3519 46.398
    endloop
  endfacet
  facet normal 0.647325 -0.762214 0
    outer loop
      vertex -19.2601 19.3999 46.398
      vertex -18.9589 19.6557 46.4
      vertex -19.2601 19.3999 46.4
    endloop
  endfacet
  facet normal 0.647325 -0.762214 0
    outer loop
      vertex -18.9589 19.6557 46.4
      vertex -19.2601 19.3999 46.398
      vertex -18.9589 19.6557 46.398
    endloop
  endfacet
  facet normal -0.883443 -0.468539 0
    outer loop
      vertex 20.0627 18.2826 46.398
      vertex 19.8775 18.6318 46.4
      vertex 19.8775 18.6318 46.398
    endloop
  endfacet
  facet normal -0.883443 -0.468539 0
    outer loop
      vertex 19.8775 18.6318 46.4
      vertex 20.0627 18.2826 46.398
      vertex 20.0627 18.2826 46.4
    endloop
  endfacet
  facet normal 0.369994 -0.929034 0
    outer loop
      vertex -18.2826 20.0627 46.398
      vertex -17.9155 20.2089 46.4
      vertex -18.2826 20.0627 46.4
    endloop
  endfacet
  facet normal 0.369994 -0.929034 0
    outer loop
      vertex -17.9155 20.2089 46.4
      vertex -18.2826 20.0627 46.398
      vertex -17.9155 20.2089 46.398
    endloop
  endfacet
  facet normal -0.813941 0.36643 0.45081
    outer loop
      vertex 20.1408 -18.101 46.398
      vertex 19.8356 -17.9202 45.7
      vertex 19.672 -18.2836 45.7
    endloop
  endfacet
  facet normal -0.891324 -0.0539993 0.450139
    outer loop
      vertex 20.05 16.75 45.7
      vertex 20.3786 17.1446 46.398
      vertex 20.0259 17.1478 45.7
    endloop
  endfacet
  facet normal -0.796128 0.605128 0
    outer loop
      vertex 19.5319 -19.113 46.398
      vertex 19.7711 -18.7983 46.4
      vertex 19.7711 -18.7983 46.398
    endloop
  endfacet
  facet normal -0.796128 0.605128 0
    outer loop
      vertex 19.7711 -18.7983 46.4
      vertex 19.5319 -19.113 46.398
      vertex 19.5319 -19.113 46.4
    endloop
  endfacet
  facet normal 0.192495 0.875184 0.443844
    outer loop
      vertex -17.3405 -20.3519 46.398
      vertex -17.5397 -19.9541 45.7
      vertex -17.7265 -20.267 46.398
    endloop
  endfacet
  facet normal 0.285959 0.848587 0.445115
    outer loop
      vertex -17.7265 -20.267 46.398
      vertex -17.9202 -19.8356 45.7
      vertex -18.101 -20.1408 46.398
    endloop
  endfacet
  facet normal 0.0541526 -0.998533 0
    outer loop
      vertex -17.1446 20.3786 46.398
      vertex -16.75 20.4 46.4
      vertex -17.1446 20.3786 46.4
    endloop
  endfacet
  facet normal 0.0541526 -0.998533 0
    outer loop
      vertex -16.75 20.4 46.4
      vertex -17.1446 20.3786 46.398
      vertex -16.75 20.4 46.398
    endloop
  endfacet
  facet normal 0.762214 0.647325 0
    outer loop
      vertex -19.3999 -19.2601 46.4
      vertex -19.6557 -18.9589 46.398
      vertex -19.6557 -18.9589 46.4
    endloop
  endfacet
  facet normal 0.762214 0.647325 0
    outer loop
      vertex -19.6557 -18.9589 46.398
      vertex -19.3999 -19.2601 46.4
      vertex -19.3999 -19.2601 46.398
    endloop
  endfacet
  facet normal 0.848587 -0.285959 0.445115
    outer loop
      vertex -19.8356 17.9202 45.7
      vertex -20.1408 18.101 46.398
      vertex -20.267 17.7265 46.398
    endloop
  endfacet
  facet normal 0.265034 -0.851017 0.453351
    outer loop
      vertex -17.5397 19.9541 45.7
      vertex -17.9155 20.2089 46.398
      vertex -17.9202 19.8356 45.7
    endloop
  endfacet
  facet normal -0.907529 0.419989 0
    outer loop
      vertex 19.9748 -18.4597 46.398
      vertex 20.1408 -18.101 46.4
      vertex 20.1408 -18.101 46.398
    endloop
  endfacet
  facet normal -0.907529 0.419989 0
    outer loop
      vertex 20.1408 -18.101 46.4
      vertex 19.9748 -18.4597 46.398
      vertex 19.9748 -18.4597 46.4
    endloop
  endfacet
  facet normal -0.550329 -0.702353 0.451484
    outer loop
      vertex 18.9383 19.2201 45.7
      vertex 19.113 19.5319 46.398
      vertex 18.6246 19.4659 45.7
    endloop
  endfacet
  facet normal 0.892606 -0.054077 0.447582
    outer loop
      vertex -20.05 16.75 45.7
      vertex -20.0259 17.1478 45.7
      vertex -20.4 16.75 46.398
    endloop
  endfacet
  facet normal 0.0729654 0.895761 0.438508
    outer loop
      vertex -16.75 -20.4 46.398
      vertex -17.1478 -20.0259 45.7
      vertex -17.3405 -20.3519 46.398
    endloop
  endfacet
  facet normal -0.683166 -0.580192 0.443466
    outer loop
      vertex 19.6557 18.9589 46.398
      vertex 19.3999 19.2601 46.398
      vertex 19.2201 18.9383 45.7
    endloop
  endfacet
  facet normal 0.048422 -0.892866 0.447712
    outer loop
      vertex -16.75 20.05 45.7
      vertex -16.75 20.4 46.398
      vertex -17.1446 20.3786 46.398
    endloop
  endfacet
  facet normal -0.742102 -0.503205 0.442797
    outer loop
      vertex 19.8775 18.6318 46.398
      vertex 19.6557 18.9589 46.398
      vertex 19.4659 18.6246 45.7
    endloop
  endfacet
  facet normal -0.0729654 -0.895761 0.438508
    outer loop
      vertex 17.1478 20.0259 45.7
      vertex 17.3405 20.3519 46.398
      vertex 16.75 20.4 46.398
    endloop
  endfacet
  facet normal -0.5155 -0.856889 0
    outer loop
      vertex 18.4597 19.9748 46.398
      vertex 18.7983 19.7711 46.4
      vertex 18.4597 19.9748 46.4
    endloop
  endfacet
  facet normal -0.5155 -0.856889 -0
    outer loop
      vertex 18.7983 19.7711 46.4
      vertex 18.4597 19.9748 46.398
      vertex 18.7983 19.7711 46.398
    endloop
  endfacet
  facet normal -0.331676 0.832821 0.443171
    outer loop
      vertex 18.2826 -20.0627 46.398
      vertex 17.9202 -19.8356 45.7
      vertex 17.9155 -20.2089 46.398
    endloop
  endfacet
  facet normal -0.460748 -0.765878 0.448489
    outer loop
      vertex 18.7983 19.7711 46.398
      vertex 18.4597 19.9748 46.398
      vertex 18.2836 19.672 45.7
    endloop
  endfacet
  facet normal -0.375701 -0.811831 0.446967
    outer loop
      vertex 18.2836 19.672 45.7
      vertex 18.4597 19.9748 46.398
      vertex 18.101 20.1408 46.398
    endloop
  endfacet
  facet normal -0.998533 -0.0541526 0
    outer loop
      vertex 20.4 16.75 46.398
      vertex 20.3786 17.1446 46.4
      vertex 20.3786 17.1446 46.398
    endloop
  endfacet
  facet normal -0.998533 -0.0541526 0
    outer loop
      vertex 20.3786 17.1446 46.4
      vertex 20.4 16.75 46.398
      vertex 20.4 16.75 46.4
    endloop
  endfacet
  facet normal -0.702353 0.550329 0.451484
    outer loop
      vertex 19.5319 -19.113 46.398
      vertex 19.4659 -18.6246 45.7
      vertex 19.2201 -18.9383 45.7
    endloop
  endfacet
  facet normal -0.144741 0.883395 0.445717
    outer loop
      vertex 17.5346 -20.3147 46.398
      vertex 17.1478 -20.0259 45.7
      vertex 17.1446 -20.3786 46.398
    endloop
  endfacet
  facet normal 0.764577 -0.462109 0.449308
    outer loop
      vertex -19.672 18.2836 45.7
      vertex -19.4659 18.6246 45.7
      vertex -19.7711 18.7983 46.398
    endloop
  endfacet
  facet normal -0.876551 0.160593 0.453728
    outer loop
      vertex 20.3519 -17.3405 46.398
      vertex 20.0259 -17.1478 45.7
      vertex 19.9541 -17.5397 45.7
    endloop
  endfacet
  facet normal -0.687745 -0.725953 0
    outer loop
      vertex 19.113 19.5319 46.398
      vertex 19.3999 19.2601 46.4
      vertex 19.113 19.5319 46.4
    endloop
  endfacet
  facet normal -0.687745 -0.725953 -0
    outer loop
      vertex 19.3999 19.2601 46.4
      vertex 19.113 19.5319 46.398
      vertex 19.3999 19.2601 46.398
    endloop
  endfacet
  facet normal -0.827665 -0.561223 0
    outer loop
      vertex 19.8775 18.6318 46.398
      vertex 19.6557 18.9589 46.4
      vertex 19.6557 18.9589 46.398
    endloop
  endfacet
  facet normal -0.827665 -0.561223 0
    outer loop
      vertex 19.6557 18.9589 46.4
      vertex 19.8775 18.6318 46.398
      vertex 19.8775 18.6318 46.4
    endloop
  endfacet
  facet normal 0.616017 0.65024 0.444646
    outer loop
      vertex -19.113 -19.5319 46.398
      vertex -18.9383 -19.2201 45.7
      vertex -19.3999 -19.2601 46.398
    endloop
  endfacet
  facet normal 0.214814 0.976655 -0
    outer loop
      vertex -17.3405 -20.3519 46.398
      vertex -17.7265 -20.267 46.4
      vertex -17.3405 -20.3519 46.4
    endloop
  endfacet
  facet normal 0.214814 0.976655 0
    outer loop
      vertex -17.7265 -20.267 46.4
      vertex -17.3405 -20.3519 46.398
      vertex -17.7265 -20.267 46.398
    endloop
  endfacet
  facet normal -0.36643 -0.813941 0.45081
    outer loop
      vertex 18.2836 19.672 45.7
      vertex 18.101 20.1408 46.398
      vertex 17.9202 19.8356 45.7
    endloop
  endfacet
  facet normal -0.65024 0.616017 0.444646
    outer loop
      vertex 19.2601 -19.3999 46.398
      vertex 19.5319 -19.113 46.398
      vertex 19.2201 -18.9383 45.7
    endloop
  endfacet
  facet normal -0.462109 -0.764577 0.449308
    outer loop
      vertex 18.6246 19.4659 45.7
      vertex 18.7983 19.7711 46.398
      vertex 18.2836 19.672 45.7
    endloop
  endfacet
  facet normal -0.605128 -0.796128 0
    outer loop
      vertex 18.7983 19.7711 46.398
      vertex 19.113 19.5319 46.4
      vertex 18.7983 19.7711 46.4
    endloop
  endfacet
  facet normal -0.605128 -0.796128 -0
    outer loop
      vertex 19.113 19.5319 46.4
      vertex 18.7983 19.7711 46.398
      vertex 19.113 19.5319 46.398
    endloop
  endfacet
  facet normal 0.891324 0.0539993 0.450139
    outer loop
      vertex -20.0259 -17.1478 45.7
      vertex -20.05 -16.75 45.7
      vertex -20.3786 -17.1446 46.398
    endloop
  endfacet
  facet normal 0.742102 0.503205 0.442797
    outer loop
      vertex -19.6557 -18.9589 46.398
      vertex -19.4659 -18.6246 45.7
      vertex -19.8775 -18.6318 46.398
    endloop
  endfacet
  facet normal -0.054077 -0.892606 0.447582
    outer loop
      vertex 17.1478 20.0259 45.7
      vertex 16.75 20.4 46.398
      vertex 16.75 20.05 45.7
    endloop
  endfacet
  facet normal 0.812374 0.365725 0.454196
    outer loop
      vertex -19.672 -18.2836 45.7
      vertex -19.8356 -17.9202 45.7
      vertex -20.0627 -18.2826 46.398
    endloop
  endfacet
  facet normal -0.580192 0.683166 0.443466
    outer loop
      vertex 18.9589 -19.6557 46.398
      vertex 19.2601 -19.3999 46.398
      vertex 18.9383 -19.2201 45.7
    endloop
  endfacet
  facet normal 0.503205 -0.742102 0.442797
    outer loop
      vertex -18.6246 19.4659 45.7
      vertex -18.6318 19.8775 46.398
      vertex -18.9589 19.6557 46.398
    endloop
  endfacet
  facet normal -1 0 0
    outer loop
      vertex 20.4 -16.75 46.398
      vertex 20.4 16.75 46.4
      vertex 20.4 16.75 46.398
    endloop
  endfacet
  facet normal -1 -0 0
    outer loop
      vertex 20.4 16.75 46.4
      vertex 20.4 -16.75 46.398
      vertex 20.4 -16.75 46.4
    endloop
  endfacet
  facet normal -0.647325 0.762214 0
    outer loop
      vertex 19.2601 -19.3999 46.398
      vertex 18.9589 -19.6557 46.4
      vertex 19.2601 -19.3999 46.4
    endloop
  endfacet
  facet normal -0.647325 0.762214 0
    outer loop
      vertex 18.9589 -19.6557 46.4
      vertex 19.2601 -19.3999 46.398
      vertex 18.9589 -19.6557 46.398
    endloop
  endfacet
  facet normal -0.192495 -0.875184 0.443844
    outer loop
      vertex 17.5397 19.9541 45.7
      vertex 17.7265 20.267 46.398
      vertex 17.3405 20.3519 46.398
    endloop
  endfacet
  facet normal -0.863239 -0.239776 0.444214
    outer loop
      vertex 20.3147 17.5346 46.398
      vertex 20.2089 17.9155 46.398
      vertex 19.9541 17.5397 45.7
    endloop
  endfacet
  facet normal -0.762214 -0.647325 0
    outer loop
      vertex 19.6557 18.9589 46.398
      vertex 19.3999 19.2601 46.4
      vertex 19.3999 19.2601 46.398
    endloop
  endfacet
  facet normal -0.762214 -0.647325 0
    outer loop
      vertex 19.3999 19.2601 46.4
      vertex 19.6557 18.9589 46.398
      vertex 19.6557 18.9589 46.4
    endloop
  endfacet
  facet normal -0.875184 0.192495 0.443844
    outer loop
      vertex 20.267 -17.7265 46.398
      vertex 20.3519 -17.3405 46.398
      vertex 19.9541 -17.5397 45.7
    endloop
  endfacet
  facet normal -0.963522 -0.267631 0
    outer loop
      vertex 20.3147 17.5346 46.398
      vertex 20.2089 17.9155 46.4
      vertex 20.2089 17.9155 46.398
    endloop
  endfacet
  facet normal -0.963522 -0.267631 0
    outer loop
      vertex 20.2089 17.9155 46.4
      vertex 20.3147 17.5346 46.398
      vertex 20.3147 17.5346 46.4
    endloop
  endfacet
  facet normal 0.876551 -0.160593 0.453728
    outer loop
      vertex -20.0259 17.1478 45.7
      vertex -19.9541 17.5397 45.7
      vertex -20.3519 17.3405 46.398
    endloop
  endfacet
  facet normal 0.929034 0.369994 0
    outer loop
      vertex -20.0627 -18.2826 46.4
      vertex -20.2089 -17.9155 46.398
      vertex -20.2089 -17.9155 46.4
    endloop
  endfacet
  facet normal 0.929034 0.369994 0
    outer loop
      vertex -20.2089 -17.9155 46.398
      vertex -20.0627 -18.2826 46.4
      vertex -20.0627 -18.2826 46.398
    endloop
  endfacet
  facet normal -0.630389 -0.630389 0.453013
    outer loop
      vertex 19.2201 18.9383 45.7
      vertex 19.3999 19.2601 46.398
      vertex 18.9383 19.2201 45.7
    endloop
  endfacet
  facet normal -0.616017 -0.65024 0.444646
    outer loop
      vertex 19.3999 19.2601 46.398
      vertex 19.113 19.5319 46.398
      vertex 18.9383 19.2201 45.7
    endloop
  endfacet
  facet normal 0.725953 -0.687745 0
    outer loop
      vertex -19.5319 19.113 46.4
      vertex -19.2601 19.3999 46.398
      vertex -19.2601 19.3999 46.4
    endloop
  endfacet
  facet normal 0.725953 -0.687745 0
    outer loop
      vertex -19.2601 19.3999 46.398
      vertex -19.5319 19.113 46.4
      vertex -19.5319 19.113 46.398
    endloop
  endfacet
  facet normal -0.996699 0.0811875 0
    outer loop
      vertex 20.3519 -17.3405 46.398
      vertex 20.4 -16.75 46.4
      vertex 20.4 -16.75 46.398
    endloop
  endfacet
  facet normal -0.996699 0.0811875 0
    outer loop
      vertex 20.4 -16.75 46.4
      vertex 20.3519 -17.3405 46.398
      vertex 20.3519 -17.3405 46.4
    endloop
  endfacet
  facet normal 0.541525 0.71245 0.446279
    outer loop
      vertex -18.7983 -19.7711 46.398
      vertex -18.6246 -19.4659 45.7
      vertex -19.113 -19.5319 46.398
    endloop
  endfacet
  facet normal 0.550329 0.702353 0.451484
    outer loop
      vertex -18.6246 -19.4659 45.7
      vertex -18.9383 -19.2201 45.7
      vertex -19.113 -19.5319 46.398
    endloop
  endfacet
  facet normal -0.214814 -0.976655 0
    outer loop
      vertex 17.3405 20.3519 46.398
      vertex 17.7265 20.267 46.4
      vertex 17.3405 20.3519 46.4
    endloop
  endfacet
  facet normal -0.214814 -0.976655 -0
    outer loop
      vertex 17.7265 20.267 46.4
      vertex 17.3405 20.3519 46.398
      vertex 17.7265 20.267 46.398
    endloop
  endfacet
  facet normal 0.160743 -0.877369 0.452091
    outer loop
      vertex -17.1478 20.0259 45.7
      vertex -17.5346 20.3147 46.398
      vertex -17.5397 19.9541 45.7
    endloop
  endfacet
  facet normal 0.883395 0.144741 0.445717
    outer loop
      vertex -20.3147 -17.5346 46.398
      vertex -20.0259 -17.1478 45.7
      vertex -20.3786 -17.1446 46.398
    endloop
  endfacet
  facet normal -0.265034 0.851017 0.453351
    outer loop
      vertex 17.9155 -20.2089 46.398
      vertex 17.9202 -19.8356 45.7
      vertex 17.5397 -19.9541 45.7
    endloop
  endfacet
  facet normal -0.851017 -0.265034 0.453351
    outer loop
      vertex 19.9541 17.5397 45.7
      vertex 20.2089 17.9155 46.398
      vertex 19.8356 17.9202 45.7
    endloop
  endfacet
  facet normal -0.947641 0.319338 0
    outer loop
      vertex 20.1408 -18.101 46.398
      vertex 20.267 -17.7265 46.4
      vertex 20.267 -17.7265 46.398
    endloop
  endfacet
  facet normal -0.947641 0.319338 0
    outer loop
      vertex 20.267 -17.7265 46.4
      vertex 20.1408 -18.101 46.398
      vertex 20.1408 -18.101 46.4
    endloop
  endfacet
  facet normal -0.160593 -0.876551 0.453728
    outer loop
      vertex 17.5397 19.9541 45.7
      vertex 17.3405 20.3519 46.398
      vertex 17.1478 20.0259 45.7
    endloop
  endfacet
  facet normal 0.71245 -0.541525 0.446279
    outer loop
      vertex -19.4659 18.6246 45.7
      vertex -19.5319 19.113 46.398
      vertex -19.7711 18.7983 46.398
    endloop
  endfacet
  facet normal 0.687745 0.725953 -0
    outer loop
      vertex -19.113 -19.5319 46.398
      vertex -19.3999 -19.2601 46.4
      vertex -19.113 -19.5319 46.4
    endloop
  endfacet
  facet normal 0.687745 0.725953 0
    outer loop
      vertex -19.3999 -19.2601 46.4
      vertex -19.113 -19.5319 46.398
      vertex -19.3999 -19.2601 46.398
    endloop
  endfacet
  facet normal 0.054077 0.892606 0.447582
    outer loop
      vertex -16.75 -20.4 46.398
      vertex -16.75 -20.05 45.7
      vertex -17.1478 -20.0259 45.7
    endloop
  endfacet
  facet normal 0.319338 0.947641 -0
    outer loop
      vertex -17.7265 -20.267 46.398
      vertex -18.101 -20.1408 46.4
      vertex -17.7265 -20.267 46.4
    endloop
  endfacet
  facet normal 0.319338 0.947641 0
    outer loop
      vertex -18.101 -20.1408 46.4
      vertex -17.7265 -20.267 46.398
      vertex -18.101 -20.1408 46.398
    endloop
  endfacet
  facet normal -0.877369 -0.160743 0.452091
    outer loop
      vertex 20.0259 17.1478 45.7
      vertex 20.3147 17.5346 46.398
      vertex 19.9541 17.5397 45.7
    endloop
  endfacet
  facet normal 0.160593 0.876551 0.453728
    outer loop
      vertex -17.3405 -20.3519 46.398
      vertex -17.1478 -20.0259 45.7
      vertex -17.5397 -19.9541 45.7
    endloop
  endfacet
  facet normal 0.331676 -0.832821 0.443171
    outer loop
      vertex -17.9202 19.8356 45.7
      vertex -17.9155 20.2089 46.398
      vertex -18.2826 20.0627 46.398
    endloop
  endfacet
  facet normal 0.883443 0.468539 0
    outer loop
      vertex -19.8775 -18.6318 46.4
      vertex -20.0627 -18.2826 46.398
      vertex -20.0627 -18.2826 46.4
    endloop
  endfacet
  facet normal 0.883443 0.468539 0
    outer loop
      vertex -20.0627 -18.2826 46.398
      vertex -19.8775 -18.6318 46.4
      vertex -19.8775 -18.6318 46.398
    endloop
  endfacet
  facet normal 0.996699 -0.0811875 0
    outer loop
      vertex -20.4 16.75 46.4
      vertex -20.3519 17.3405 46.398
      vertex -20.3519 17.3405 46.4
    endloop
  endfacet
  facet normal 0.996699 -0.0811875 0
    outer loop
      vertex -20.3519 17.3405 46.398
      vertex -20.4 16.75 46.4
      vertex -20.4 16.75 46.398
    endloop
  endfacet
  facet normal 1 -0 0
    outer loop
      vertex -20.4 -16.75 46.4
      vertex -20.4 16.75 46.398
      vertex -20.4 16.75 46.4
    endloop
  endfacet
  facet normal 1 0 0
    outer loop
      vertex -20.4 16.75 46.398
      vertex -20.4 -16.75 46.4
      vertex -20.4 -16.75 46.398
    endloop
  endfacet
  facet normal 0.0539993 -0.891324 0.450139
    outer loop
      vertex -16.75 20.05 45.7
      vertex -17.1446 20.3786 46.398
      vertex -17.1478 20.0259 45.7
    endloop
  endfacet
  facet normal -0.460794 0.7624 0.454329
    outer loop
      vertex 18.6318 -19.8775 46.398
      vertex 18.6246 -19.4659 45.7
      vertex 18.2836 -19.672 45.7
    endloop
  endfacet
  facet normal -0.265146 -0.851375 0.452614
    outer loop
      vertex 17.9202 19.8356 45.7
      vertex 17.7265 20.267 46.398
      vertex 17.5397 19.9541 45.7
    endloop
  endfacet
  facet normal -0.976655 0.214814 0
    outer loop
      vertex 20.267 -17.7265 46.398
      vertex 20.3519 -17.3405 46.4
      vertex 20.3519 -17.3405 46.398
    endloop
  endfacet
  facet normal -0.976655 0.214814 0
    outer loop
      vertex 20.3519 -17.3405 46.4
      vertex 20.267 -17.7265 46.398
      vertex 20.267 -17.7265 46.4
    endloop
  endfacet
  facet normal 0.892866 0.048422 0.447712
    outer loop
      vertex -20.3786 -17.1446 46.398
      vertex -20.05 -16.75 45.7
      vertex -20.4 -16.75 46.398
    endloop
  endfacet
  facet normal 0.580192 -0.683166 0.443466
    outer loop
      vertex -18.9383 19.2201 45.7
      vertex -18.9589 19.6557 46.398
      vertex -19.2601 19.3999 46.398
    endloop
  endfacet
  facet normal -0.048422 0.892866 0.447712
    outer loop
      vertex 17.1446 -20.3786 46.398
      vertex 16.75 -20.05 45.7
      vertex 16.75 -20.4 46.398
    endloop
  endfacet
  facet normal -0.832821 -0.331676 0.443171
    outer loop
      vertex 20.2089 17.9155 46.398
      vertex 20.0627 18.2826 46.398
      vertex 19.8356 17.9202 45.7
    endloop
  endfacet
  facet normal 0.702353 -0.550329 0.451484
    outer loop
      vertex -19.4659 18.6246 45.7
      vertex -19.2201 18.9383 45.7
      vertex -19.5319 19.113 46.398
    endloop
  endfacet
  facet normal -0.725953 0.687745 0
    outer loop
      vertex 19.2601 -19.3999 46.398
      vertex 19.5319 -19.113 46.4
      vertex 19.5319 -19.113 46.398
    endloop
  endfacet
  facet normal -0.725953 0.687745 0
    outer loop
      vertex 19.5319 -19.113 46.4
      vertex 19.2601 -19.3999 46.398
      vertex 19.2601 -19.3999 46.4
    endloop
  endfacet
  facet normal 0.875184 -0.192495 0.443844
    outer loop
      vertex -19.9541 17.5397 45.7
      vertex -20.267 17.7265 46.398
      vertex -20.3519 17.3405 46.398
    endloop
  endfacet
  facet normal -0.848587 0.285959 0.445115
    outer loop
      vertex 20.1408 -18.101 46.398
      vertex 20.267 -17.7265 46.398
      vertex 19.8356 -17.9202 45.7
    endloop
  endfacet
  facet normal 0.462109 0.764577 0.449308
    outer loop
      vertex -18.2836 -19.672 45.7
      vertex -18.6246 -19.4659 45.7
      vertex -18.7983 -19.7711 46.398
    endloop
  endfacet
  facet normal 0.605128 0.796128 -0
    outer loop
      vertex -18.7983 -19.7711 46.398
      vertex -19.113 -19.5319 46.4
      vertex -18.7983 -19.7711 46.4
    endloop
  endfacet
  facet normal 0.605128 0.796128 0
    outer loop
      vertex -19.113 -19.5319 46.4
      vertex -18.7983 -19.7711 46.398
      vertex -19.113 -19.5319 46.398
    endloop
  endfacet
  facet normal 0.5155 0.856889 -0
    outer loop
      vertex -18.4597 -19.9748 46.398
      vertex -18.7983 -19.7711 46.4
      vertex -18.4597 -19.9748 46.4
    endloop
  endfacet
  facet normal 0.5155 0.856889 0
    outer loop
      vertex -18.7983 -19.7711 46.4
      vertex -18.4597 -19.9748 46.398
      vertex -18.7983 -19.7711 46.398
    endloop
  endfacet
  facet normal 0.561223 -0.827665 0
    outer loop
      vertex -18.9589 19.6557 46.398
      vertex -18.6318 19.8775 46.4
      vertex -18.9589 19.6557 46.4
    endloop
  endfacet
  facet normal 0.561223 -0.827665 0
    outer loop
      vertex -18.6318 19.8775 46.4
      vertex -18.9589 19.6557 46.398
      vertex -18.6318 19.8775 46.398
    endloop
  endfacet
  facet normal 0.832821 0.331676 0.443171
    outer loop
      vertex -20.0627 -18.2826 46.398
      vertex -19.8356 -17.9202 45.7
      vertex -20.2089 -17.9155 46.398
    endloop
  endfacet
  facet normal -0.549565 0.701377 0.453927
    outer loop
      vertex 18.9589 -19.6557 46.398
      vertex 18.9383 -19.2201 45.7
      vertex 18.6246 -19.4659 45.7
    endloop
  endfacet
  facet normal -0.764577 0.462109 0.449308
    outer loop
      vertex 19.7711 -18.7983 46.398
      vertex 19.672 -18.2836 45.7
      vertex 19.4659 -18.6246 45.7
    endloop
  endfacet
  facet normal -0.71245 0.541525 0.446279
    outer loop
      vertex 19.5319 -19.113 46.398
      vertex 19.7711 -18.7983 46.398
      vertex 19.4659 -18.6246 45.7
    endloop
  endfacet
  facet normal 0.851017 0.265034 0.453351
    outer loop
      vertex -19.8356 -17.9202 45.7
      vertex -19.9541 -17.5397 45.7
      vertex -20.2089 -17.9155 46.398
    endloop
  endfacet
  facet normal -0.765878 0.460748 0.448489
    outer loop
      vertex 19.7711 -18.7983 46.398
      vertex 19.9748 -18.4597 46.398
      vertex 19.672 -18.2836 45.7
    endloop
  endfacet
  facet normal -0.811831 0.375701 0.446967
    outer loop
      vertex 19.9748 -18.4597 46.398
      vertex 20.1408 -18.101 46.398
      vertex 19.672 -18.2836 45.7
    endloop
  endfacet
  facet normal -0.7624 -0.460794 0.454329
    outer loop
      vertex 19.672 18.2836 45.7
      vertex 19.8775 18.6318 46.398
      vertex 19.4659 18.6246 45.7
    endloop
  endfacet
  facet normal -0.895761 0.0729654 0.438508
    outer loop
      vertex 20.3519 -17.3405 46.398
      vertex 20.4 -16.75 46.398
      vertex 20.0259 -17.1478 45.7
    endloop
  endfacet
  facet normal 0.813941 -0.36643 0.45081
    outer loop
      vertex -19.8356 17.9202 45.7
      vertex -19.672 18.2836 45.7
      vertex -20.1408 18.101 46.398
    endloop
  endfacet
  facet normal 0 0.893914 0.448238
    outer loop
      vertex 16.75 -20.05 45.7
      vertex -16.75 -20.4 46.398
      vertex 16.75 -20.4 46.398
    endloop
  endfacet
  facet normal 0 0.893914 0.448238
    outer loop
      vertex -16.75 -20.4 46.398
      vertex 16.75 -20.05 45.7
      vertex -16.75 -20.05 45.7
    endloop
  endfacet
  facet normal 0.549565 -0.701377 0.453927
    outer loop
      vertex -18.9383 19.2201 45.7
      vertex -18.6246 19.4659 45.7
      vertex -18.9589 19.6557 46.398
    endloop
  endfacet
  facet normal 0.0811875 0.996699 -0
    outer loop
      vertex -16.75 -20.4 46.398
      vertex -17.3405 -20.3519 46.4
      vertex -16.75 -20.4 46.4
    endloop
  endfacet
  facet normal 0.0811875 0.996699 0
    outer loop
      vertex -17.3405 -20.3519 46.4
      vertex -16.75 -20.4 46.398
      vertex -17.3405 -20.3519 46.398
    endloop
  endfacet
  facet normal 0.144741 -0.883395 0.445717
    outer loop
      vertex -17.1478 20.0259 45.7
      vertex -17.1446 20.3786 46.398
      vertex -17.5346 20.3147 46.398
    endloop
  endfacet
  facet normal 0.419989 0.907529 -0
    outer loop
      vertex -18.101 -20.1408 46.398
      vertex -18.4597 -19.9748 46.4
      vertex -18.101 -20.1408 46.4
    endloop
  endfacet
  facet normal 0.419989 0.907529 0
    outer loop
      vertex -18.4597 -19.9748 46.4
      vertex -18.101 -20.1408 46.398
      vertex -18.4597 -19.9748 46.398
    endloop
  endfacet
  facet normal -0.701377 -0.549565 0.453927
    outer loop
      vertex 19.4659 18.6246 45.7
      vertex 19.6557 18.9589 46.398
      vertex 19.2201 18.9383 45.7
    endloop
  endfacet
  facet normal -0.812374 -0.365725 0.454196
    outer loop
      vertex 19.8356 17.9202 45.7
      vertex 20.0627 18.2826 46.398
      vertex 19.672 18.2836 45.7
    endloop
  endfacet
  facet normal 0.796128 -0.605128 0
    outer loop
      vertex -19.7711 18.7983 46.4
      vertex -19.5319 19.113 46.398
      vertex -19.5319 19.113 46.4
    endloop
  endfacet
  facet normal 0.796128 -0.605128 0
    outer loop
      vertex -19.5319 19.113 46.398
      vertex -19.7711 18.7983 46.4
      vertex -19.7711 18.7983 46.398
    endloop
  endfacet
  facet normal 0.630389 -0.630389 0.453013
    outer loop
      vertex -19.2201 18.9383 45.7
      vertex -18.9383 19.2201 45.7
      vertex -19.2601 19.3999 46.398
    endloop
  endfacet
  facet normal 0.65024 -0.616017 0.444646
    outer loop
      vertex -19.2201 18.9383 45.7
      vertex -19.2601 19.3999 46.398
      vertex -19.5319 19.113 46.398
    endloop
  endfacet
  facet normal -0.792121 -0.420105 0.442782
    outer loop
      vertex 20.0627 18.2826 46.398
      vertex 19.8775 18.6318 46.398
      vertex 19.672 18.2836 45.7
    endloop
  endfacet
  facet normal -0.369994 0.929034 0
    outer loop
      vertex 18.2826 -20.0627 46.398
      vertex 17.9155 -20.2089 46.4
      vertex 18.2826 -20.0627 46.4
    endloop
  endfacet
  facet normal -0.369994 0.929034 0
    outer loop
      vertex 17.9155 -20.2089 46.4
      vertex 18.2826 -20.0627 46.398
      vertex 17.9155 -20.2089 46.398
    endloop
  endfacet
  facet normal 0.986842 0.16169 0
    outer loop
      vertex -20.3147 -17.5346 46.4
      vertex -20.3786 -17.1446 46.398
      vertex -20.3786 -17.1446 46.4
    endloop
  endfacet
  facet normal 0.986842 0.16169 0
    outer loop
      vertex -20.3786 -17.1446 46.398
      vertex -20.3147 -17.5346 46.4
      vertex -20.3147 -17.5346 46.398
    endloop
  endfacet
  facet normal -0.856889 0.5155 0
    outer loop
      vertex 19.7711 -18.7983 46.398
      vertex 19.9748 -18.4597 46.4
      vertex 19.9748 -18.4597 46.398
    endloop
  endfacet
  facet normal -0.856889 0.5155 0
    outer loop
      vertex 19.9748 -18.4597 46.4
      vertex 19.7711 -18.7983 46.398
      vertex 19.7711 -18.7983 46.4
    endloop
  endfacet
  facet normal -0.319338 -0.947641 0
    outer loop
      vertex 17.7265 20.267 46.398
      vertex 18.101 20.1408 46.4
      vertex 17.7265 20.267 46.4
    endloop
  endfacet
  facet normal -0.319338 -0.947641 -0
    outer loop
      vertex 18.101 20.1408 46.4
      vertex 17.7265 20.267 46.398
      vertex 18.101 20.1408 46.398
    endloop
  endfacet
  facet normal 0.36643 0.813941 0.45081
    outer loop
      vertex -18.101 -20.1408 46.398
      vertex -17.9202 -19.8356 45.7
      vertex -18.2836 -19.672 45.7
    endloop
  endfacet
  facet normal 0.375701 0.811831 0.446967
    outer loop
      vertex -18.101 -20.1408 46.398
      vertex -18.2836 -19.672 45.7
      vertex -18.4597 -19.9748 46.398
    endloop
  endfacet
  facet normal 0.701377 0.549565 0.453927
    outer loop
      vertex -19.2201 -18.9383 45.7
      vertex -19.4659 -18.6246 45.7
      vertex -19.6557 -18.9589 46.398
    endloop
  endfacet
  facet normal 0.683166 0.580192 0.443466
    outer loop
      vertex -19.3999 -19.2601 46.398
      vertex -19.2201 -18.9383 45.7
      vertex -19.6557 -18.9589 46.398
    endloop
  endfacet
  facet normal 0.998533 0.0541526 0
    outer loop
      vertex -20.3786 -17.1446 46.4
      vertex -20.4 -16.75 46.398
      vertex -20.4 -16.75 46.4
    endloop
  endfacet
  facet normal 0.998533 0.0541526 0
    outer loop
      vertex -20.4 -16.75 46.398
      vertex -20.3786 -17.1446 46.4
      vertex -20.3786 -17.1446 46.398
    endloop
  endfacet
  facet normal 0.265146 0.851375 0.452614
    outer loop
      vertex -17.7265 -20.267 46.398
      vertex -17.5397 -19.9541 45.7
      vertex -17.9202 -19.8356 45.7
    endloop
  endfacet
  facet normal -0.630389 0.630389 0.453013
    outer loop
      vertex 19.2601 -19.3999 46.398
      vertex 19.2201 -18.9383 45.7
      vertex 18.9383 -19.2201 45.7
    endloop
  endfacet
  facet normal -0.503205 0.742102 0.442797
    outer loop
      vertex 18.6318 -19.8775 46.398
      vertex 18.9589 -19.6557 46.398
      vertex 18.6246 -19.4659 45.7
    endloop
  endfacet
  facet normal 0.963522 0.267631 0
    outer loop
      vertex -20.2089 -17.9155 46.4
      vertex -20.3147 -17.5346 46.398
      vertex -20.3147 -17.5346 46.4
    endloop
  endfacet
  facet normal 0.963522 0.267631 0
    outer loop
      vertex -20.3147 -17.5346 46.398
      vertex -20.2089 -17.9155 46.4
      vertex -20.2089 -17.9155 46.398
    endloop
  endfacet
  facet normal 0.907529 -0.419989 0
    outer loop
      vertex -20.1408 18.101 46.4
      vertex -19.9748 18.4597 46.398
      vertex -19.9748 18.4597 46.4
    endloop
  endfacet
  facet normal 0.907529 -0.419989 0
    outer loop
      vertex -19.9748 18.4597 46.398
      vertex -20.1408 18.101 46.4
      vertex -20.1408 18.101 46.398
    endloop
  endfacet
  facet normal -0.883395 -0.144741 0.445717
    outer loop
      vertex 20.3786 17.1446 46.398
      vertex 20.3147 17.5346 46.398
      vertex 20.0259 17.1478 45.7
    endloop
  endfacet
  facet normal 0.765878 -0.460748 0.448489
    outer loop
      vertex -19.672 18.2836 45.7
      vertex -19.7711 18.7983 46.398
      vertex -19.9748 18.4597 46.398
    endloop
  endfacet
  facet normal 0.811831 -0.375701 0.446967
    outer loop
      vertex -19.672 18.2836 45.7
      vertex -19.9748 18.4597 46.398
      vertex -20.1408 18.101 46.398
    endloop
  endfacet
  facet normal 0.947641 -0.319338 0
    outer loop
      vertex -20.267 17.7265 46.4
      vertex -20.1408 18.101 46.398
      vertex -20.1408 18.101 46.4
    endloop
  endfacet
  facet normal 0.947641 -0.319338 0
    outer loop
      vertex -20.1408 18.101 46.398
      vertex -20.267 17.7265 46.4
      vertex -20.267 17.7265 46.398
    endloop
  endfacet
  facet normal 0.365725 -0.812374 0.454196
    outer loop
      vertex -17.9202 19.8356 45.7
      vertex -18.2826 20.0627 46.398
      vertex -18.2836 19.672 45.7
    endloop
  endfacet
  facet normal 0.792121 0.420105 0.442782
    outer loop
      vertex -19.8775 -18.6318 46.398
      vertex -19.672 -18.2836 45.7
      vertex -20.0627 -18.2826 46.398
    endloop
  endfacet
  facet normal 0.7624 0.460794 0.454329
    outer loop
      vertex -19.4659 -18.6246 45.7
      vertex -19.672 -18.2836 45.7
      vertex -19.8775 -18.6318 46.398
    endloop
  endfacet
  facet normal 0.877369 0.160743 0.452091
    outer loop
      vertex -19.9541 -17.5397 45.7
      vertex -20.0259 -17.1478 45.7
      vertex -20.3147 -17.5346 46.398
    endloop
  endfacet
  facet normal 0.863239 0.239776 0.444214
    outer loop
      vertex -20.2089 -17.9155 46.398
      vertex -19.9541 -17.5397 45.7
      vertex -20.3147 -17.5346 46.398
    endloop
  endfacet
  facet normal 0.468539 -0.883443 0
    outer loop
      vertex -18.6318 19.8775 46.398
      vertex -18.2826 20.0627 46.4
      vertex -18.6318 19.8775 46.4
    endloop
  endfacet
  facet normal 0.468539 -0.883443 0
    outer loop
      vertex -18.2826 20.0627 46.4
      vertex -18.6318 19.8775 46.398
      vertex -18.2826 20.0627 46.398
    endloop
  endfacet
  facet normal 0.267631 -0.963522 0
    outer loop
      vertex -17.9155 20.2089 46.398
      vertex -17.5346 20.3147 46.4
      vertex -17.9155 20.2089 46.4
    endloop
  endfacet
  facet normal 0.267631 -0.963522 0
    outer loop
      vertex -17.5346 20.3147 46.4
      vertex -17.9155 20.2089 46.398
      vertex -17.5346 20.3147 46.398
    endloop
  endfacet
  facet normal -0.561223 0.827665 0
    outer loop
      vertex 18.9589 -19.6557 46.398
      vertex 18.6318 -19.8775 46.4
      vertex 18.9589 -19.6557 46.4
    endloop
  endfacet
  facet normal -0.561223 0.827665 0
    outer loop
      vertex 18.6318 -19.8775 46.4
      vertex 18.9589 -19.6557 46.398
      vertex 18.6318 -19.8775 46.398
    endloop
  endfacet
  facet normal 0.16169 -0.986842 0
    outer loop
      vertex -17.5346 20.3147 46.398
      vertex -17.1446 20.3786 46.4
      vertex -17.5346 20.3147 46.4
    endloop
  endfacet
  facet normal 0.16169 -0.986842 0
    outer loop
      vertex -17.1446 20.3786 46.4
      vertex -17.5346 20.3147 46.398
      vertex -17.1446 20.3786 46.398
    endloop
  endfacet
  facet normal 0.239776 -0.863239 0.444214
    outer loop
      vertex -17.5397 19.9541 45.7
      vertex -17.5346 20.3147 46.398
      vertex -17.9155 20.2089 46.398
    endloop
  endfacet
  facet normal -0.995737 -0.0922399 0
    outer loop
      vertex 19.15 17 6
      vertex 19.1134 17.3951 42
      vertex 19.1134 17.3951 6
    endloop
  endfacet
  facet normal -0.995737 -0.0922399 0
    outer loop
      vertex 19.1134 17.3951 42
      vertex 19.15 17 6
      vertex 19.15 17 42
    endloop
  endfacet
  facet normal 0.0922399 -0.995737 0
    outer loop
      vertex -17.3951 19.1134 6
      vertex -17 19.15 42
      vertex -17.3951 19.1134 42
    endloop
  endfacet
  facet normal 0.0922399 -0.995737 0
    outer loop
      vertex -17 19.15 42
      vertex -17.3951 19.1134 6
      vertex -17 19.15 6
    endloop
  endfacet
  facet normal -1 0 0
    outer loop
      vertex 19.15 -17 6
      vertex 19.15 17 42
      vertex 19.15 17 6
    endloop
  endfacet
  facet normal -1 -0 0
    outer loop
      vertex 19.15 17 42
      vertex 19.15 -17 6
      vertex 19.15 -17 42
    endloop
  endfacet
  facet normal -0.4457 0.895182 0
    outer loop
      vertex 18.1318 -18.828 6
      vertex 17.7767 -19.0048 42
      vertex 18.1318 -18.828 42
    endloop
  endfacet
  facet normal -0.4457 0.895182 0
    outer loop
      vertex 17.7767 -19.0048 42
      vertex 18.1318 -18.828 6
      vertex 17.7767 -19.0048 6
    endloop
  endfacet
  facet normal 0.602658 -0.797999 0
    outer loop
      vertex -18.4484 18.5889 6
      vertex -18.1318 18.828 42
      vertex -18.4484 18.5889 42
    endloop
  endfacet
  facet normal 0.602658 -0.797999 0
    outer loop
      vertex -18.1318 18.828 42
      vertex -18.4484 18.5889 6
      vertex -18.1318 18.828 6
    endloop
  endfacet
  facet normal 0.895182 0.4457 0
    outer loop
      vertex -18.828 -18.1318 42
      vertex -19.0048 -17.7767 6
      vertex -19.0048 -17.7767 42
    endloop
  endfacet
  facet normal 0.895182 0.4457 0
    outer loop
      vertex -19.0048 -17.7767 6
      vertex -18.828 -18.1318 42
      vertex -18.828 -18.1318 6
    endloop
  endfacet
  facet normal -0.738993 0.673713 0
    outer loop
      vertex 18.4484 -18.5889 6
      vertex 18.7157 -18.2957 42
      vertex 18.7157 -18.2957 6
    endloop
  endfacet
  facet normal -0.738993 0.673713 0
    outer loop
      vertex 18.7157 -18.2957 42
      vertex 18.4484 -18.5889 6
      vertex 18.4484 -18.5889 42
    endloop
  endfacet
  facet normal 0.273722 -0.961809 0
    outer loop
      vertex -17.7767 19.0048 6
      vertex -17.3951 19.1134 42
      vertex -17.7767 19.0048 42
    endloop
  endfacet
  facet normal 0.273722 -0.961809 0
    outer loop
      vertex -17.3951 19.1134 42
      vertex -17.7767 19.0048 6
      vertex -17.3951 19.1134 6
    endloop
  endfacet
  facet normal 0.4457 -0.895182 0
    outer loop
      vertex -18.1318 18.828 6
      vertex -17.7767 19.0048 42
      vertex -18.1318 18.828 42
    endloop
  endfacet
  facet normal 0.4457 -0.895182 0
    outer loop
      vertex -17.7767 19.0048 42
      vertex -18.1318 18.828 6
      vertex -17.7767 19.0048 6
    endloop
  endfacet
  facet normal -0.273722 0.961809 0
    outer loop
      vertex 17.7767 -19.0048 6
      vertex 17.3951 -19.1134 42
      vertex 17.7767 -19.0048 42
    endloop
  endfacet
  facet normal -0.273722 0.961809 0
    outer loop
      vertex 17.3951 -19.1134 42
      vertex 17.7767 -19.0048 6
      vertex 17.3951 -19.1134 6
    endloop
  endfacet
  facet normal 0.797999 0.602658 0
    outer loop
      vertex -18.5889 -18.4484 42
      vertex -18.828 -18.1318 6
      vertex -18.828 -18.1318 42
    endloop
  endfacet
  facet normal 0.797999 0.602658 0
    outer loop
      vertex -18.828 -18.1318 6
      vertex -18.5889 -18.4484 42
      vertex -18.5889 -18.4484 6
    endloop
  endfacet
  facet normal 0.673713 0.738993 -0
    outer loop
      vertex -18.2957 -18.7157 6
      vertex -18.5889 -18.4484 42
      vertex -18.2957 -18.7157 42
    endloop
  endfacet
  facet normal 0.673713 0.738993 0
    outer loop
      vertex -18.5889 -18.4484 42
      vertex -18.2957 -18.7157 6
      vertex -18.5889 -18.4484 6
    endloop
  endfacet
  facet normal -0.673713 -0.738993 0
    outer loop
      vertex 18.2957 18.7157 6
      vertex 18.5889 18.4484 42
      vertex 18.2957 18.7157 42
    endloop
  endfacet
  facet normal -0.673713 -0.738993 -0
    outer loop
      vertex 18.5889 18.4484 42
      vertex 18.2957 18.7157 6
      vertex 18.5889 18.4484 6
    endloop
  endfacet
  facet normal -0.361242 -0.932472 0
    outer loop
      vertex 17.5884 19.0679 6
      vertex 17.9583 18.9246 42
      vertex 17.5884 19.0679 42
    endloop
  endfacet
  facet normal -0.361242 -0.932472 -0
    outer loop
      vertex 17.9583 18.9246 42
      vertex 17.5884 19.0679 6
      vertex 17.9583 18.9246 6
    endloop
  endfacet
  facet normal 0 0 1
    outer loop
      vertex 17 19.15 6
      vertex 19.15 17 6
      vertex 19.1134 17.3951 6
    endloop
  endfacet
  facet normal 0 0 1
    outer loop
      vertex 19.15 17 6
      vertex 3 0 6
      vertex 19.15 -17 6
    endloop
  endfacet
  facet normal 0 0 1
    outer loop
      vertex 17 19.15 6
      vertex 19.1134 17.3951 6
      vertex 19.0048 17.7767 6
    endloop
  endfacet
  facet normal -0 0 1
    outer loop
      vertex 2.97433 -0.391578 6
      vertex 19.15 -17 6
      vertex 3 0 6
    endloop
  endfacet
  facet normal 0 0 1
    outer loop
      vertex 17 19.15 6
      vertex 19.0048 17.7767 6
      vertex 18.828 18.1318 6
    endloop
  endfacet
  facet normal -0 0 1
    outer loop
      vertex 2.89778 -0.776457 6
      vertex 19.15 -17 6
      vertex 2.97433 -0.391578 6
    endloop
  endfacet
  facet normal 0 0 1
    outer loop
      vertex 17 19.15 6
      vertex 18.828 18.1318 6
      vertex 18.5889 18.4484 6
    endloop
  endfacet
  facet normal -0 0 1
    outer loop
      vertex 2.77164 -1.14805 6
      vertex 19.15 -17 6
      vertex 2.89778 -0.776457 6
    endloop
  endfacet
  facet normal 0 0 1
    outer loop
      vertex 17 19.15 6
      vertex 18.5889 18.4484 6
      vertex 18.2957 18.7157 6
    endloop
  endfacet
  facet normal -0 0 1
    outer loop
      vertex 2.59808 -1.5 6
      vertex 19.15 -17 6
      vertex 2.77164 -1.14805 6
    endloop
  endfacet
  facet normal 0 0 1
    outer loop
      vertex 17 19.15 6
      vertex 18.2957 18.7157 6
      vertex 17.9583 18.9246 6
    endloop
  endfacet
  facet normal -0 0 1
    outer loop
      vertex 2.38006 -1.82628 6
      vertex 19.15 -17 6
      vertex 2.59808 -1.5 6
    endloop
  endfacet
  facet normal 0 0 1
    outer loop
      vertex 17 19.15 6
      vertex 17.9583 18.9246 6
      vertex 17.5884 19.0679 6
    endloop
  endfacet
  facet normal -0 0 1
    outer loop
      vertex 2.12132 -2.12132 6
      vertex 19.15 -17 6
      vertex 2.38006 -1.82628 6
    endloop
  endfacet
  facet normal 0 0 1
    outer loop
      vertex 2.12132 2.12132 6
      vertex 19.15 17 6
      vertex 17 19.15 6
    endloop
  endfacet
  facet normal 0 0 1
    outer loop
      vertex 19.15 -17 6
      vertex 17 -19.15 6
      vertex 19.0679 -17.5884 6
    endloop
  endfacet
  facet normal 0 0 1
    outer loop
      vertex 18.9246 -17.9583 6
      vertex 17 -19.15 6
      vertex 18.7157 -18.2957 6
    endloop
  endfacet
  facet normal 0 0 1
    outer loop
      vertex 19.15 17 6
      vertex 2.97433 0.391578 6
      vertex 3 0 6
    endloop
  endfacet
  facet normal 0 0 1
    outer loop
      vertex 19.15 17 6
      vertex 2.89778 0.776457 6
      vertex 2.97433 0.391578 6
    endloop
  endfacet
  facet normal 0 0 1
    outer loop
      vertex 19.15 17 6
      vertex 2.77164 1.14805 6
      vertex 2.89778 0.776457 6
    endloop
  endfacet
  facet normal 0 0 1
    outer loop
      vertex 19.15 17 6
      vertex 2.59808 1.5 6
      vertex 2.77164 1.14805 6
    endloop
  endfacet
  facet normal 0 0 1
    outer loop
      vertex 19.15 17 6
      vertex 2.38006 1.82628 6
      vertex 2.59808 1.5 6
    endloop
  endfacet
  facet normal 0 0 1
    outer loop
      vertex 19.15 17 6
      vertex 2.12132 2.12132 6
      vertex 2.38006 1.82628 6
    endloop
  endfacet
  facet normal 0 0 1
    outer loop
      vertex 17 19.15 6
      vertex 1.82628 2.38006 6
      vertex 2.12132 2.12132 6
    endloop
  endfacet
  facet normal 0 0 1
    outer loop
      vertex 17 19.15 6
      vertex 1.5 2.59808 6
      vertex 1.82628 2.38006 6
    endloop
  endfacet
  facet normal 0 0 1
    outer loop
      vertex 17 19.15 6
      vertex 1.14805 2.77164 6
      vertex 1.5 2.59808 6
    endloop
  endfacet
  facet normal 0 0 1
    outer loop
      vertex 17 19.15 6
      vertex 0.776457 2.89778 6
      vertex 1.14805 2.77164 6
    endloop
  endfacet
  facet normal 0 0 1
    outer loop
      vertex 17 19.15 6
      vertex 0.391578 2.97433 6
      vertex 0.776457 2.89778 6
    endloop
  endfacet
  facet normal 0 0 1
    outer loop
      vertex 17 19.15 6
      vertex 0 3 6
      vertex 0.391578 2.97433 6
    endloop
  endfacet
  facet normal -0 0 1
    outer loop
      vertex -17 19.15 6
      vertex 0 3 6
      vertex 17 19.15 6
    endloop
  endfacet
  facet normal 0 0 1
    outer loop
      vertex 0 3 6
      vertex -17 19.15 6
      vertex -0.391578 2.97433 6
    endloop
  endfacet
  facet normal 0 0 1
    outer loop
      vertex -0.391578 2.97433 6
      vertex -17 19.15 6
      vertex -0.776457 2.89778 6
    endloop
  endfacet
  facet normal 0 0 1
    outer loop
      vertex -0.776457 2.89778 6
      vertex -17 19.15 6
      vertex -1.14805 2.77164 6
    endloop
  endfacet
  facet normal 0 0 1
    outer loop
      vertex -1.14805 2.77164 6
      vertex -17 19.15 6
      vertex -1.5 2.59808 6
    endloop
  endfacet
  facet normal 0 0 1
    outer loop
      vertex -1.5 2.59808 6
      vertex -17 19.15 6
      vertex -1.82628 2.38006 6
    endloop
  endfacet
  facet normal 0 0 1
    outer loop
      vertex -2.89778 0.776457 6
      vertex -19.15 17 6
      vertex -2.97433 0.391578 6
    endloop
  endfacet
  facet normal 0 0 1
    outer loop
      vertex -2.77164 1.14805 6
      vertex -19.15 17 6
      vertex -2.89778 0.776457 6
    endloop
  endfacet
  facet normal 0 0 1
    outer loop
      vertex -2.59808 1.5 6
      vertex -19.15 17 6
      vertex -2.77164 1.14805 6
    endloop
  endfacet
  facet normal 0 0 1
    outer loop
      vertex -2.38006 1.82628 6
      vertex -19.15 17 6
      vertex -2.59808 1.5 6
    endloop
  endfacet
  facet normal 0 0 1
    outer loop
      vertex -2.12132 2.12132 6
      vertex -19.15 17 6
      vertex -2.38006 1.82628 6
    endloop
  endfacet
  facet normal -0 0 1
    outer loop
      vertex -19.15 17 6
      vertex -2.12132 2.12132 6
      vertex -17 19.15 6
    endloop
  endfacet
  facet normal 0 0 1
    outer loop
      vertex -1.82628 2.38006 6
      vertex -17 19.15 6
      vertex -2.12132 2.12132 6
    endloop
  endfacet
  facet normal 0 0 1
    outer loop
      vertex 18.4484 -18.5889 6
      vertex 17 -19.15 6
      vertex 18.1318 -18.828 6
    endloop
  endfacet
  facet normal 0 0 1
    outer loop
      vertex 17.7767 -19.0048 6
      vertex 17 -19.15 6
      vertex 17.3951 -19.1134 6
    endloop
  endfacet
  facet normal 0 0 1
    outer loop
      vertex 18.1318 -18.828 6
      vertex 17 -19.15 6
      vertex 17.7767 -19.0048 6
    endloop
  endfacet
  facet normal 0 0 1
    outer loop
      vertex 18.7157 -18.2957 6
      vertex 17 -19.15 6
      vertex 18.4484 -18.5889 6
    endloop
  endfacet
  facet normal 0 0 1
    outer loop
      vertex 19.0679 -17.5884 6
      vertex 17 -19.15 6
      vertex 18.9246 -17.9583 6
    endloop
  endfacet
  facet normal 0 0 1
    outer loop
      vertex 19.15 -17 6
      vertex 2.12132 -2.12132 6
      vertex 17 -19.15 6
    endloop
  endfacet
  facet normal -0 0 1
    outer loop
      vertex 1.82628 -2.38006 6
      vertex 17 -19.15 6
      vertex 2.12132 -2.12132 6
    endloop
  endfacet
  facet normal -0 0 1
    outer loop
      vertex 1.5 -2.59808 6
      vertex 17 -19.15 6
      vertex 1.82628 -2.38006 6
    endloop
  endfacet
  facet normal -0 0 1
    outer loop
      vertex 1.14805 -2.77164 6
      vertex 17 -19.15 6
      vertex 1.5 -2.59808 6
    endloop
  endfacet
  facet normal -0 0 1
    outer loop
      vertex 0.776457 -2.89778 6
      vertex 17 -19.15 6
      vertex 1.14805 -2.77164 6
    endloop
  endfacet
  facet normal -0 0 1
    outer loop
      vertex 0.391578 -2.97433 6
      vertex 17 -19.15 6
      vertex 0.776457 -2.89778 6
    endloop
  endfacet
  facet normal -0 0 1
    outer loop
      vertex 0 -3 6
      vertex 17 -19.15 6
      vertex 0.391578 -2.97433 6
    endloop
  endfacet
  facet normal 0 0 1
    outer loop
      vertex -17 -19.15 6
      vertex 0 -3 6
      vertex -0.391578 -2.97433 6
    endloop
  endfacet
  facet normal 0 0 1
    outer loop
      vertex -17 -19.15 6
      vertex -0.391578 -2.97433 6
      vertex -0.776457 -2.89778 6
    endloop
  endfacet
  facet normal 0 0 1
    outer loop
      vertex -17 -19.15 6
      vertex -0.776457 -2.89778 6
      vertex -1.14805 -2.77164 6
    endloop
  endfacet
  facet normal 0 0 1
    outer loop
      vertex -17 -19.15 6
      vertex -1.14805 -2.77164 6
      vertex -1.5 -2.59808 6
    endloop
  endfacet
  facet normal 0 0 1
    outer loop
      vertex -17 -19.15 6
      vertex -1.5 -2.59808 6
      vertex -1.82628 -2.38006 6
    endloop
  endfacet
  facet normal 0 0 1
    outer loop
      vertex -17 -19.15 6
      vertex -1.82628 -2.38006 6
      vertex -2.12132 -2.12132 6
    endloop
  endfacet
  facet normal 0 0 1
    outer loop
      vertex -2.97433 0.391578 6
      vertex -19.15 17 6
      vertex -3 0 6
    endloop
  endfacet
  facet normal 0 0 1
    outer loop
      vertex -19.15 -17 6
      vertex -3 0 6
      vertex -19.15 17 6
    endloop
  endfacet
  facet normal 0 0 1
    outer loop
      vertex -3 0 6
      vertex -19.15 -17 6
      vertex -2.97433 -0.391578 6
    endloop
  endfacet
  facet normal 0 0 1
    outer loop
      vertex -2.97433 -0.391578 6
      vertex -19.15 -17 6
      vertex -2.89778 -0.776457 6
    endloop
  endfacet
  facet normal 0 0 1
    outer loop
      vertex -2.89778 -0.776457 6
      vertex -19.15 -17 6
      vertex -2.77164 -1.14805 6
    endloop
  endfacet
  facet normal 0 0 1
    outer loop
      vertex 0 -3 6
      vertex -17 -19.15 6
      vertex 17 -19.15 6
    endloop
  endfacet
  facet normal 0 0 1
    outer loop
      vertex -19.15 -17 6
      vertex -2.12132 -2.12132 6
      vertex -2.38006 -1.82628 6
    endloop
  endfacet
  facet normal 0 0 1
    outer loop
      vertex -2.77164 -1.14805 6
      vertex -19.15 -17 6
      vertex -2.59808 -1.5 6
    endloop
  endfacet
  facet normal 0 0 1
    outer loop
      vertex -19.15 17 6
      vertex -17 19.15 6
      vertex -17.3951 19.1134 6
    endloop
  endfacet
  facet normal 0 0 1
    outer loop
      vertex -2.59808 -1.5 6
      vertex -19.15 -17 6
      vertex -2.38006 -1.82628 6
    endloop
  endfacet
  facet normal 0 0 1
    outer loop
      vertex -19.15 17 6
      vertex -17.3951 19.1134 6
      vertex -17.7767 19.0048 6
    endloop
  endfacet
  facet normal 0 0 1
    outer loop
      vertex -2.12132 -2.12132 6
      vertex -19.15 -17 6
      vertex -17 -19.15 6
    endloop
  endfacet
  facet normal 0 0 1
    outer loop
      vertex -19.15 17 6
      vertex -17.7767 19.0048 6
      vertex -18.1318 18.828 6
    endloop
  endfacet
  facet normal 0 0 1
    outer loop
      vertex -17 -19.15 6
      vertex -19.15 -17 6
      vertex -17.5884 -19.0679 6
    endloop
  endfacet
  facet normal 0 0 1
    outer loop
      vertex -19.15 17 6
      vertex -18.1318 18.828 6
      vertex -18.4484 18.5889 6
    endloop
  endfacet
  facet normal 0 0 1
    outer loop
      vertex -17.5884 -19.0679 6
      vertex -19.15 -17 6
      vertex -17.9583 -18.9246 6
    endloop
  endfacet
  facet normal 0 0 1
    outer loop
      vertex -19.15 17 6
      vertex -18.4484 18.5889 6
      vertex -18.7157 18.2957 6
    endloop
  endfacet
  facet normal 0 0 1
    outer loop
      vertex -17.9583 -18.9246 6
      vertex -19.15 -17 6
      vertex -18.2957 -18.7157 6
    endloop
  endfacet
  facet normal 0 0 1
    outer loop
      vertex -19.15 17 6
      vertex -18.7157 18.2957 6
      vertex -18.9246 17.9583 6
    endloop
  endfacet
  facet normal 0 0 1
    outer loop
      vertex -18.2957 -18.7157 6
      vertex -19.15 -17 6
      vertex -18.5889 -18.4484 6
    endloop
  endfacet
  facet normal 0 0 1
    outer loop
      vertex -19.15 17 6
      vertex -18.9246 17.9583 6
      vertex -19.0679 17.5884 6
    endloop
  endfacet
  facet normal 0 0 1
    outer loop
      vertex -18.5889 -18.4484 6
      vertex -19.15 -17 6
      vertex -18.828 -18.1318 6
    endloop
  endfacet
  facet normal 0 0 1
    outer loop
      vertex -18.828 -18.1318 6
      vertex -19.15 -17 6
      vertex -19.0048 -17.7767 6
    endloop
  endfacet
  facet normal 0 0 1
    outer loop
      vertex -19.0048 -17.7767 6
      vertex -19.15 -17 6
      vertex -19.1134 -17.3951 6
    endloop
  endfacet
  facet normal 0.361242 0.932472 -0
    outer loop
      vertex -17.5884 -19.0679 6
      vertex -17.9583 -18.9246 42
      vertex -17.5884 -19.0679 42
    endloop
  endfacet
  facet normal 0.361242 0.932472 0
    outer loop
      vertex -17.9583 -18.9246 42
      vertex -17.5884 -19.0679 6
      vertex -17.9583 -18.9246 6
    endloop
  endfacet
  facet normal -0.0922399 0.995737 0
    outer loop
      vertex 17.3951 -19.1134 6
      vertex 17 -19.15 42
      vertex 17.3951 -19.1134 42
    endloop
  endfacet
  facet normal -0.0922399 0.995737 0
    outer loop
      vertex 17 -19.15 42
      vertex 17.3951 -19.1134 6
      vertex 17 -19.15 6
    endloop
  endfacet
  facet normal 0.526415 0.850228 -0
    outer loop
      vertex -17.9583 -18.9246 6
      vertex -18.2957 -18.7157 42
      vertex -17.9583 -18.9246 42
    endloop
  endfacet
  facet normal 0.526415 0.850228 0
    outer loop
      vertex -18.2957 -18.7157 42
      vertex -17.9583 -18.9246 6
      vertex -18.2957 -18.7157 6
    endloop
  endfacet
  facet normal 0 -1 0
    outer loop
      vertex -17 19.15 6
      vertex 17 19.15 42
      vertex -17 19.15 42
    endloop
  endfacet
  facet normal 0 -1 -0
    outer loop
      vertex 17 19.15 42
      vertex -17 19.15 6
      vertex 17 19.15 6
    endloop
  endfacet
  facet normal 0 1 -0
    outer loop
      vertex 17 -19.15 6
      vertex -17 -19.15 42
      vertex 17 -19.15 42
    endloop
  endfacet
  facet normal 0 1 0
    outer loop
      vertex -17 -19.15 42
      vertex 17 -19.15 6
      vertex -17 -19.15 6
    endloop
  endfacet
  facet normal 0.961809 0.273722 0
    outer loop
      vertex -19.0048 -17.7767 42
      vertex -19.1134 -17.3951 6
      vertex -19.1134 -17.3951 42
    endloop
  endfacet
  facet normal 0.961809 0.273722 0
    outer loop
      vertex -19.1134 -17.3951 6
      vertex -19.0048 -17.7767 42
      vertex -19.0048 -17.7767 6
    endloop
  endfacet
  facet normal -0.602658 0.797999 0
    outer loop
      vertex 18.4484 -18.5889 6
      vertex 18.1318 -18.828 42
      vertex 18.4484 -18.5889 42
    endloop
  endfacet
  facet normal -0.602658 0.797999 0
    outer loop
      vertex 18.1318 -18.828 42
      vertex 18.4484 -18.5889 6
      vertex 18.1318 -18.828 6
    endloop
  endfacet
  facet normal -0.990405 0.138192 0
    outer loop
      vertex 19.0679 -17.5884 6
      vertex 19.15 -17 42
      vertex 19.15 -17 6
    endloop
  endfacet
  facet normal -0.990405 0.138192 0
    outer loop
      vertex 19.15 -17 42
      vertex 19.0679 -17.5884 6
      vertex 19.0679 -17.5884 42
    endloop
  endfacet
  facet normal -0.850228 0.526415 0
    outer loop
      vertex 18.7157 -18.2957 6
      vertex 18.9246 -17.9583 42
      vertex 18.9246 -17.9583 6
    endloop
  endfacet
  facet normal -0.850228 0.526415 0
    outer loop
      vertex 18.9246 -17.9583 42
      vertex 18.7157 -18.2957 6
      vertex 18.7157 -18.2957 42
    endloop
  endfacet
  facet normal 1 -0 0
    outer loop
      vertex -19.15 -17 42
      vertex -19.15 17 6
      vertex -19.15 17 42
    endloop
  endfacet
  facet normal 1 0 0
    outer loop
      vertex -19.15 17 6
      vertex -19.15 -17 42
      vertex -19.15 -17 6
    endloop
  endfacet
  facet normal 0.138192 0.990405 -0
    outer loop
      vertex -17 -19.15 6
      vertex -17.5884 -19.0679 42
      vertex -17 -19.15 42
    endloop
  endfacet
  facet normal 0.138192 0.990405 0
    outer loop
      vertex -17.5884 -19.0679 42
      vertex -17 -19.15 6
      vertex -17.5884 -19.0679 6
    endloop
  endfacet
  facet normal -0.138192 -0.990405 0
    outer loop
      vertex 17 19.15 6
      vertex 17.5884 19.0679 42
      vertex 17 19.15 42
    endloop
  endfacet
  facet normal -0.138192 -0.990405 -0
    outer loop
      vertex 17.5884 19.0679 42
      vertex 17 19.15 6
      vertex 17.5884 19.0679 6
    endloop
  endfacet
  facet normal -0.526415 -0.850228 0
    outer loop
      vertex 17.9583 18.9246 6
      vertex 18.2957 18.7157 42
      vertex 17.9583 18.9246 42
    endloop
  endfacet
  facet normal -0.526415 -0.850228 -0
    outer loop
      vertex 18.2957 18.7157 42
      vertex 17.9583 18.9246 6
      vertex 18.2957 18.7157 6
    endloop
  endfacet
  facet normal -0.932472 0.361242 0
    outer loop
      vertex 18.9246 -17.9583 6
      vertex 19.0679 -17.5884 42
      vertex 19.0679 -17.5884 6
    endloop
  endfacet
  facet normal -0.932472 0.361242 0
    outer loop
      vertex 19.0679 -17.5884 42
      vertex 18.9246 -17.9583 6
      vertex 18.9246 -17.9583 42
    endloop
  endfacet
  facet normal -0.797999 -0.602658 0
    outer loop
      vertex 18.828 18.1318 6
      vertex 18.5889 18.4484 42
      vertex 18.5889 18.4484 6
    endloop
  endfacet
  facet normal -0.797999 -0.602658 0
    outer loop
      vertex 18.5889 18.4484 42
      vertex 18.828 18.1318 6
      vertex 18.828 18.1318 42
    endloop
  endfacet
  facet normal -0.895182 -0.4457 0
    outer loop
      vertex 19.0048 17.7767 6
      vertex 18.828 18.1318 42
      vertex 18.828 18.1318 6
    endloop
  endfacet
  facet normal -0.895182 -0.4457 0
    outer loop
      vertex 18.828 18.1318 42
      vertex 19.0048 17.7767 6
      vertex 19.0048 17.7767 42
    endloop
  endfacet
  facet normal -0.961809 -0.273722 0
    outer loop
      vertex 19.1134 17.3951 6
      vertex 19.0048 17.7767 42
      vertex 19.0048 17.7767 6
    endloop
  endfacet
  facet normal -0.961809 -0.273722 0
    outer loop
      vertex 19.0048 17.7767 42
      vertex 19.1134 17.3951 6
      vertex 19.1134 17.3951 42
    endloop
  endfacet
  facet normal 0.990405 -0.138192 0
    outer loop
      vertex -19.15 17 42
      vertex -19.0679 17.5884 6
      vertex -19.0679 17.5884 42
    endloop
  endfacet
  facet normal 0.990405 -0.138192 0
    outer loop
      vertex -19.0679 17.5884 6
      vertex -19.15 17 42
      vertex -19.15 17 6
    endloop
  endfacet
  facet normal 0.932472 -0.361242 0
    outer loop
      vertex -19.0679 17.5884 42
      vertex -18.9246 17.9583 6
      vertex -18.9246 17.9583 42
    endloop
  endfacet
  facet normal 0.932472 -0.361242 0
    outer loop
      vertex -18.9246 17.9583 6
      vertex -19.0679 17.5884 42
      vertex -19.0679 17.5884 6
    endloop
  endfacet
  facet normal 0.850228 -0.526415 0
    outer loop
      vertex -18.9246 17.9583 42
      vertex -18.7157 18.2957 6
      vertex -18.7157 18.2957 42
    endloop
  endfacet
  facet normal 0.850228 -0.526415 0
    outer loop
      vertex -18.7157 18.2957 6
      vertex -18.9246 17.9583 42
      vertex -18.9246 17.9583 6
    endloop
  endfacet
  facet normal 0.995737 0.0922399 0
    outer loop
      vertex -19.1134 -17.3951 42
      vertex -19.15 -17 6
      vertex -19.15 -17 42
    endloop
  endfacet
  facet normal 0.995737 0.0922399 0
    outer loop
      vertex -19.15 -17 6
      vertex -19.1134 -17.3951 42
      vertex -19.1134 -17.3951 6
    endloop
  endfacet
  facet normal 0.738993 -0.673713 0
    outer loop
      vertex -18.7157 18.2957 42
      vertex -18.4484 18.5889 6
      vertex -18.4484 18.5889 42
    endloop
  endfacet
  facet normal 0.738993 -0.673713 0
    outer loop
      vertex -18.4484 18.5889 6
      vertex -18.7157 18.2957 42
      vertex -18.7157 18.2957 6
    endloop
  endfacet
  facet normal -0.980789 -0.195073 0
    outer loop
      vertex -2.89778 -0.776457 6
      vertex -2.97433 -0.391578 43.25
      vertex -2.97433 -0.391578 6
    endloop
  endfacet
  facet normal -0.980789 -0.195073 0
    outer loop
      vertex -2.97433 -0.391578 43.25
      vertex -2.89778 -0.776457 6
      vertex -2.89778 -0.776457 43.25
    endloop
  endfacet
  facet normal -0.831462 0.555582 0
    outer loop
      vertex -2.59808 1.5 6
      vertex -2.38006 1.82628 43.25
      vertex -2.38006 1.82628 6
    endloop
  endfacet
  facet normal -0.831462 0.555582 0
    outer loop
      vertex -2.38006 1.82628 43.25
      vertex -2.59808 1.5 6
      vertex -2.59808 1.5 43.25
    endloop
  endfacet
  facet normal 0.980789 0.195073 0
    outer loop
      vertex 2.97433 0.391578 43.25
      vertex 2.89778 0.776457 6
      vertex 2.89778 0.776457 43.25
    endloop
  endfacet
  facet normal 0.980789 0.195073 0
    outer loop
      vertex 2.89778 0.776457 6
      vertex 2.97433 0.391578 43.25
      vertex 2.97433 0.391578 6
    endloop
  endfacet
  facet normal 0.997858 -0.0654149 0
    outer loop
      vertex 2.97433 -0.391578 43.25
      vertex 3 0 6
      vertex 3 0 43.25
    endloop
  endfacet
  facet normal 0.997858 -0.0654149 0
    outer loop
      vertex 3 0 6
      vertex 2.97433 -0.391578 43.25
      vertex 2.97433 -0.391578 6
    endloop
  endfacet
  facet normal 0.751844 -0.659341 0
    outer loop
      vertex 2.12132 -2.12132 43.25
      vertex 2.38006 -1.82628 6
      vertex 2.38006 -1.82628 43.25
    endloop
  endfacet
  facet normal 0.751844 -0.659341 0
    outer loop
      vertex 2.38006 -1.82628 6
      vertex 2.12132 -2.12132 43.25
      vertex 2.12132 -2.12132 6
    endloop
  endfacet
  facet normal -0.751844 0.659341 0
    outer loop
      vertex -2.38006 1.82628 6
      vertex -2.12132 2.12132 43.25
      vertex -2.12132 2.12132 6
    endloop
  endfacet
  facet normal -0.751844 0.659341 0
    outer loop
      vertex -2.12132 2.12132 43.25
      vertex -2.38006 1.82628 6
      vertex -2.38006 1.82628 43.25
    endloop
  endfacet
  facet normal 0.195073 0.980789 -0
    outer loop
      vertex 0.776457 2.89778 6
      vertex 0.391578 2.97433 43.25
      vertex 0.776457 2.89778 43.25
    endloop
  endfacet
  facet normal 0.195073 0.980789 0
    outer loop
      vertex 0.391578 2.97433 43.25
      vertex 0.776457 2.89778 6
      vertex 0.391578 2.97433 6
    endloop
  endfacet
  facet normal 0.751844 0.659341 0
    outer loop
      vertex 2.38006 1.82628 43.25
      vertex 2.12132 2.12132 6
      vertex 2.12132 2.12132 43.25
    endloop
  endfacet
  facet normal 0.751844 0.659341 0
    outer loop
      vertex 2.12132 2.12132 6
      vertex 2.38006 1.82628 43.25
      vertex 2.38006 1.82628 6
    endloop
  endfacet
  facet normal -0.831462 -0.555582 0
    outer loop
      vertex -2.38006 -1.82628 6
      vertex -2.59808 -1.5 43.25
      vertex -2.59808 -1.5 6
    endloop
  endfacet
  facet normal -0.831462 -0.555582 0
    outer loop
      vertex -2.59808 -1.5 43.25
      vertex -2.38006 -1.82628 6
      vertex -2.38006 -1.82628 43.25
    endloop
  endfacet
  facet normal -0.555582 -0.831462 0
    outer loop
      vertex -1.82628 -2.38006 6
      vertex -1.5 -2.59808 43.25
      vertex -1.82628 -2.38006 43.25
    endloop
  endfacet
  facet normal -0.555582 -0.831462 -0
    outer loop
      vertex -1.5 -2.59808 43.25
      vertex -1.82628 -2.38006 6
      vertex -1.5 -2.59808 6
    endloop
  endfacet
  facet normal 0.442283 -0.896875 0
    outer loop
      vertex 1.14805 -2.77164 6
      vertex 1.5 -2.59808 43.25
      vertex 1.14805 -2.77164 43.25
    endloop
  endfacet
  facet normal 0.442283 -0.896875 0
    outer loop
      vertex 1.5 -2.59808 43.25
      vertex 1.14805 -2.77164 6
      vertex 1.5 -2.59808 6
    endloop
  endfacet
  facet normal -0.946929 0.321442 0
    outer loop
      vertex -2.89778 0.776457 6
      vertex -2.77164 1.14805 43.25
      vertex -2.77164 1.14805 6
    endloop
  endfacet
  facet normal -0.946929 0.321442 0
    outer loop
      vertex -2.77164 1.14805 43.25
      vertex -2.89778 0.776457 6
      vertex -2.89778 0.776457 43.25
    endloop
  endfacet
  facet normal -0.442283 -0.896875 0
    outer loop
      vertex -1.5 -2.59808 6
      vertex -1.14805 -2.77164 43.25
      vertex -1.5 -2.59808 43.25
    endloop
  endfacet
  facet normal -0.442283 -0.896875 -0
    outer loop
      vertex -1.14805 -2.77164 43.25
      vertex -1.5 -2.59808 6
      vertex -1.14805 -2.77164 6
    endloop
  endfacet
  facet normal -0.321442 -0.946929 0
    outer loop
      vertex -1.14805 -2.77164 6
      vertex -0.776457 -2.89778 43.25
      vertex -1.14805 -2.77164 43.25
    endloop
  endfacet
  facet normal -0.321442 -0.946929 -0
    outer loop
      vertex -0.776457 -2.89778 43.25
      vertex -1.14805 -2.77164 6
      vertex -0.776457 -2.89778 6
    endloop
  endfacet
  facet normal -0.997858 -0.0654149 0
    outer loop
      vertex -2.97433 -0.391578 6
      vertex -3 0 43.25
      vertex -3 0 6
    endloop
  endfacet
  facet normal -0.997858 -0.0654149 0
    outer loop
      vertex -3 0 43.25
      vertex -2.97433 -0.391578 6
      vertex -2.97433 -0.391578 43.25
    endloop
  endfacet
  facet normal 0.659341 0.751844 -0
    outer loop
      vertex 2.12132 2.12132 6
      vertex 1.82628 2.38006 43.25
      vertex 2.12132 2.12132 43.25
    endloop
  endfacet
  facet normal 0.659341 0.751844 0
    outer loop
      vertex 1.82628 2.38006 43.25
      vertex 2.12132 2.12132 6
      vertex 1.82628 2.38006 6
    endloop
  endfacet
  facet normal 0.997858 0.0654149 0
    outer loop
      vertex 3 0 43.25
      vertex 2.97433 0.391578 6
      vertex 2.97433 0.391578 43.25
    endloop
  endfacet
  facet normal 0.997858 0.0654149 0
    outer loop
      vertex 2.97433 0.391578 6
      vertex 3 0 43.25
      vertex 3 0 6
    endloop
  endfacet
  facet normal -0.946929 -0.321442 0
    outer loop
      vertex -2.77164 -1.14805 6
      vertex -2.89778 -0.776457 43.25
      vertex -2.89778 -0.776457 6
    endloop
  endfacet
  facet normal -0.946929 -0.321442 0
    outer loop
      vertex -2.89778 -0.776457 43.25
      vertex -2.77164 -1.14805 6
      vertex -2.77164 -1.14805 43.25
    endloop
  endfacet
  facet normal 0.896875 -0.442283 0
    outer loop
      vertex 2.59808 -1.5 43.25
      vertex 2.77164 -1.14805 6
      vertex 2.77164 -1.14805 43.25
    endloop
  endfacet
  facet normal 0.896875 -0.442283 0
    outer loop
      vertex 2.77164 -1.14805 6
      vertex 2.59808 -1.5 43.25
      vertex 2.59808 -1.5 6
    endloop
  endfacet
  facet normal -0.896875 0.442283 0
    outer loop
      vertex -2.77164 1.14805 6
      vertex -2.59808 1.5 43.25
      vertex -2.59808 1.5 6
    endloop
  endfacet
  facet normal -0.896875 0.442283 0
    outer loop
      vertex -2.59808 1.5 43.25
      vertex -2.77164 1.14805 6
      vertex -2.77164 1.14805 43.25
    endloop
  endfacet
  facet normal -0.0654149 -0.997858 0
    outer loop
      vertex -0.391578 -2.97433 6
      vertex 0 -3 43.25
      vertex -0.391578 -2.97433 43.25
    endloop
  endfacet
  facet normal -0.0654149 -0.997858 -0
    outer loop
      vertex 0 -3 43.25
      vertex -0.391578 -2.97433 6
      vertex 0 -3 6
    endloop
  endfacet
  facet normal 0.321442 0.946929 -0
    outer loop
      vertex 1.14805 2.77164 6
      vertex 0.776457 2.89778 43.25
      vertex 1.14805 2.77164 43.25
    endloop
  endfacet
  facet normal 0.321442 0.946929 0
    outer loop
      vertex 0.776457 2.89778 43.25
      vertex 1.14805 2.77164 6
      vertex 0.776457 2.89778 6
    endloop
  endfacet
  facet normal 0.896875 0.442283 0
    outer loop
      vertex 2.77164 1.14805 43.25
      vertex 2.59808 1.5 6
      vertex 2.59808 1.5 43.25
    endloop
  endfacet
  facet normal 0.896875 0.442283 0
    outer loop
      vertex 2.59808 1.5 6
      vertex 2.77164 1.14805 43.25
      vertex 2.77164 1.14805 6
    endloop
  endfacet
  facet normal 0.831462 0.555582 0
    outer loop
      vertex 2.59808 1.5 43.25
      vertex 2.38006 1.82628 6
      vertex 2.38006 1.82628 43.25
    endloop
  endfacet
  facet normal 0.831462 0.555582 0
    outer loop
      vertex 2.38006 1.82628 6
      vertex 2.59808 1.5 43.25
      vertex 2.59808 1.5 6
    endloop
  endfacet
  facet normal 0.946929 0.321442 0
    outer loop
      vertex 2.89778 0.776457 43.25
      vertex 2.77164 1.14805 6
      vertex 2.77164 1.14805 43.25
    endloop
  endfacet
  facet normal 0.946929 0.321442 0
    outer loop
      vertex 2.77164 1.14805 6
      vertex 2.89778 0.776457 43.25
      vertex 2.89778 0.776457 6
    endloop
  endfacet
  facet normal 0.555582 0.831462 -0
    outer loop
      vertex 1.82628 2.38006 6
      vertex 1.5 2.59808 43.25
      vertex 1.82628 2.38006 43.25
    endloop
  endfacet
  facet normal 0.555582 0.831462 0
    outer loop
      vertex 1.5 2.59808 43.25
      vertex 1.82628 2.38006 6
      vertex 1.5 2.59808 6
    endloop
  endfacet
  facet normal -0.195073 0.980789 0
    outer loop
      vertex -0.391578 2.97433 6
      vertex -0.776457 2.89778 43.25
      vertex -0.391578 2.97433 43.25
    endloop
  endfacet
  facet normal -0.195073 0.980789 0
    outer loop
      vertex -0.776457 2.89778 43.25
      vertex -0.391578 2.97433 6
      vertex -0.776457 2.89778 6
    endloop
  endfacet
  facet normal 0.321442 -0.946929 0
    outer loop
      vertex 0.776457 -2.89778 6
      vertex 1.14805 -2.77164 43.25
      vertex 0.776457 -2.89778 43.25
    endloop
  endfacet
  facet normal 0.321442 -0.946929 0
    outer loop
      vertex 1.14805 -2.77164 43.25
      vertex 0.776457 -2.89778 6
      vertex 1.14805 -2.77164 6
    endloop
  endfacet
  facet normal 0.442283 0.896875 -0
    outer loop
      vertex 1.5 2.59808 6
      vertex 1.14805 2.77164 43.25
      vertex 1.5 2.59808 43.25
    endloop
  endfacet
  facet normal 0.442283 0.896875 0
    outer loop
      vertex 1.14805 2.77164 43.25
      vertex 1.5 2.59808 6
      vertex 1.14805 2.77164 6
    endloop
  endfacet
  facet normal 0.0654149 -0.997858 0
    outer loop
      vertex 0 -3 6
      vertex 0.391578 -2.97433 43.25
      vertex 0 -3 43.25
    endloop
  endfacet
  facet normal 0.0654149 -0.997858 0
    outer loop
      vertex 0.391578 -2.97433 43.25
      vertex 0 -3 6
      vertex 0.391578 -2.97433 6
    endloop
  endfacet
  facet normal -0.0654149 0.997858 0
    outer loop
      vertex 0 3 6
      vertex -0.391578 2.97433 43.25
      vertex 0 3 43.25
    endloop
  endfacet
  facet normal -0.0654149 0.997858 0
    outer loop
      vertex -0.391578 2.97433 43.25
      vertex 0 3 6
      vertex -0.391578 2.97433 6
    endloop
  endfacet
  facet normal 0.980789 -0.195073 0
    outer loop
      vertex 2.89778 -0.776457 43.25
      vertex 2.97433 -0.391578 6
      vertex 2.97433 -0.391578 43.25
    endloop
  endfacet
  facet normal 0.980789 -0.195073 0
    outer loop
      vertex 2.97433 -0.391578 6
      vertex 2.89778 -0.776457 43.25
      vertex 2.89778 -0.776457 6
    endloop
  endfacet
  facet normal 0.195073 -0.980789 0
    outer loop
      vertex 0.391578 -2.97433 6
      vertex 0.776457 -2.89778 43.25
      vertex 0.391578 -2.97433 43.25
    endloop
  endfacet
  facet normal 0.195073 -0.980789 0
    outer loop
      vertex 0.776457 -2.89778 43.25
      vertex 0.391578 -2.97433 6
      vertex 0.776457 -2.89778 6
    endloop
  endfacet
  facet normal -0.442283 0.896875 0
    outer loop
      vertex -1.14805 2.77164 6
      vertex -1.5 2.59808 43.25
      vertex -1.14805 2.77164 43.25
    endloop
  endfacet
  facet normal -0.442283 0.896875 0
    outer loop
      vertex -1.5 2.59808 43.25
      vertex -1.14805 2.77164 6
      vertex -1.5 2.59808 6
    endloop
  endfacet
  facet normal 0.659341 -0.751844 0
    outer loop
      vertex 1.82628 -2.38006 6
      vertex 2.12132 -2.12132 43.25
      vertex 1.82628 -2.38006 43.25
    endloop
  endfacet
  facet normal 0.659341 -0.751844 0
    outer loop
      vertex 2.12132 -2.12132 43.25
      vertex 1.82628 -2.38006 6
      vertex 2.12132 -2.12132 6
    endloop
  endfacet
  facet normal -0.321442 0.946929 0
    outer loop
      vertex -0.776457 2.89778 6
      vertex -1.14805 2.77164 43.25
      vertex -0.776457 2.89778 43.25
    endloop
  endfacet
  facet normal -0.321442 0.946929 0
    outer loop
      vertex -1.14805 2.77164 43.25
      vertex -0.776457 2.89778 6
      vertex -1.14805 2.77164 6
    endloop
  endfacet
  facet normal -0.896875 -0.442283 0
    outer loop
      vertex -2.59808 -1.5 6
      vertex -2.77164 -1.14805 43.25
      vertex -2.77164 -1.14805 6
    endloop
  endfacet
  facet normal -0.896875 -0.442283 0
    outer loop
      vertex -2.77164 -1.14805 43.25
      vertex -2.59808 -1.5 6
      vertex -2.59808 -1.5 43.25
    endloop
  endfacet
  facet normal 0.831462 -0.555582 0
    outer loop
      vertex 2.38006 -1.82628 43.25
      vertex 2.59808 -1.5 6
      vertex 2.59808 -1.5 43.25
    endloop
  endfacet
  facet normal 0.831462 -0.555582 0
    outer loop
      vertex 2.59808 -1.5 6
      vertex 2.38006 -1.82628 43.25
      vertex 2.38006 -1.82628 6
    endloop
  endfacet
  facet normal 0.0654149 0.997858 -0
    outer loop
      vertex 0.391578 2.97433 6
      vertex 0 3 43.25
      vertex 0.391578 2.97433 43.25
    endloop
  endfacet
  facet normal 0.0654149 0.997858 0
    outer loop
      vertex 0 3 43.25
      vertex 0.391578 2.97433 6
      vertex 0 3 6
    endloop
  endfacet
  facet normal 0.946929 -0.321442 0
    outer loop
      vertex 2.77164 -1.14805 43.25
      vertex 2.89778 -0.776457 6
      vertex 2.89778 -0.776457 43.25
    endloop
  endfacet
  facet normal 0.946929 -0.321442 0
    outer loop
      vertex 2.89778 -0.776457 6
      vertex 2.77164 -1.14805 43.25
      vertex 2.77164 -1.14805 6
    endloop
  endfacet
  facet normal -0.980789 0.195073 0
    outer loop
      vertex -2.97433 0.391578 6
      vertex -2.89778 0.776457 43.25
      vertex -2.89778 0.776457 6
    endloop
  endfacet
  facet normal -0.980789 0.195073 0
    outer loop
      vertex -2.89778 0.776457 43.25
      vertex -2.97433 0.391578 6
      vertex -2.97433 0.391578 43.25
    endloop
  endfacet
  facet normal -0.659341 0.751844 0
    outer loop
      vertex -1.82628 2.38006 6
      vertex -2.12132 2.12132 43.25
      vertex -1.82628 2.38006 43.25
    endloop
  endfacet
  facet normal -0.659341 0.751844 0
    outer loop
      vertex -2.12132 2.12132 43.25
      vertex -1.82628 2.38006 6
      vertex -2.12132 2.12132 6
    endloop
  endfacet
  facet normal -0.555582 0.831462 0
    outer loop
      vertex -1.5 2.59808 6
      vertex -1.82628 2.38006 43.25
      vertex -1.5 2.59808 43.25
    endloop
  endfacet
  facet normal -0.555582 0.831462 0
    outer loop
      vertex -1.82628 2.38006 43.25
      vertex -1.5 2.59808 6
      vertex -1.82628 2.38006 6
    endloop
  endfacet
  facet normal -0.751844 -0.659341 0
    outer loop
      vertex -2.12132 -2.12132 6
      vertex -2.38006 -1.82628 43.25
      vertex -2.38006 -1.82628 6
    endloop
  endfacet
  facet normal -0.751844 -0.659341 0
    outer loop
      vertex -2.38006 -1.82628 43.25
      vertex -2.12132 -2.12132 6
      vertex -2.12132 -2.12132 43.25
    endloop
  endfacet
  facet normal -0.997858 0.0654149 0
    outer loop
      vertex -3 0 6
      vertex -2.97433 0.391578 43.25
      vertex -2.97433 0.391578 6
    endloop
  endfacet
  facet normal -0.997858 0.0654149 0
    outer loop
      vertex -2.97433 0.391578 43.25
      vertex -3 0 6
      vertex -3 0 43.25
    endloop
  endfacet
  facet normal 0.555582 -0.831462 0
    outer loop
      vertex 1.5 -2.59808 6
      vertex 1.82628 -2.38006 43.25
      vertex 1.5 -2.59808 43.25
    endloop
  endfacet
  facet normal 0.555582 -0.831462 0
    outer loop
      vertex 1.82628 -2.38006 43.25
      vertex 1.5 -2.59808 6
      vertex 1.82628 -2.38006 6
    endloop
  endfacet
  facet normal -0.659341 -0.751844 0
    outer loop
      vertex -2.12132 -2.12132 6
      vertex -1.82628 -2.38006 43.25
      vertex -2.12132 -2.12132 43.25
    endloop
  endfacet
  facet normal -0.659341 -0.751844 -0
    outer loop
      vertex -1.82628 -2.38006 43.25
      vertex -2.12132 -2.12132 6
      vertex -1.82628 -2.38006 6
    endloop
  endfacet
  facet normal -0.195073 -0.980789 0
    outer loop
      vertex -0.776457 -2.89778 6
      vertex -0.391578 -2.97433 43.25
      vertex -0.776457 -2.89778 43.25
    endloop
  endfacet
  facet normal -0.195073 -0.980789 -0
    outer loop
      vertex -0.391578 -2.97433 43.25
      vertex -0.776457 -2.89778 6
      vertex -0.391578 -2.97433 6
    endloop
  endfacet
  facet normal 0.706348 0.0463049 0.706348
    outer loop
      vertex 2.97433 0.391578 43.25
      vertex 2.25 0 44
      vertex 3 0 43.25
    endloop
  endfacet
  facet normal 0.227525 0.670298 0.706352
    outer loop
      vertex 0.776457 2.89778 43.25
      vertex 0.582342 2.17333 44
      vertex 0.861037 2.07873 44
    endloop
  endfacet
  facet normal -0.634866 0.313076 0.706349
    outer loop
      vertex -2.59808 1.5 43.25
      vertex -2.77164 1.14805 43.25
      vertex -2.07873 0.861037 44
    endloop
  endfacet
  facet normal 0.313076 -0.634866 0.706349
    outer loop
      vertex 1.5 -2.59808 43.25
      vertex 0.861037 -2.07873 44
      vertex 1.14805 -2.77164 43.25
    endloop
  endfacet
  facet normal -0.670298 -0.227525 0.706352
    outer loop
      vertex -2.17333 -0.582342 44
      vertex -2.89778 -0.776457 43.25
      vertex -2.07873 -0.861037 44
    endloop
  endfacet
  facet normal -0.70635 -0.046299 0.706347
    outer loop
      vertex -2.25 0 44
      vertex -2.97433 -0.391578 43.25
      vertex -2.23075 -0.293683 44
    endloop
  endfacet
  facet normal 0.313076 0.634866 0.706349
    outer loop
      vertex 1.14805 2.77164 43.25
      vertex 0.861037 2.07873 44
      vertex 1.5 2.59808 43.25
    endloop
  endfacet
  facet normal -0.138085 0.694266 0.706347
    outer loop
      vertex -0.391578 2.97433 43.25
      vertex -0.776457 2.89778 43.25
      vertex -0.293683 2.23075 44
    endloop
  endfacet
  facet normal 0.393285 0.588557 0.706348
    outer loop
      vertex 1.5 2.59808 43.25
      vertex 1.125 1.94856 44
      vertex 1.36971 1.78504 44
    endloop
  endfacet
  facet normal -0.138102 0.694259 0.706351
    outer loop
      vertex -0.293683 2.23075 44
      vertex -0.776457 2.89778 43.25
      vertex -0.582342 2.17333 44
    endloop
  endfacet
  facet normal 0.70635 -0.046299 0.706347
    outer loop
      vertex 2.25 0 44
      vertex 2.23075 -0.293683 44
      vertex 2.97433 -0.391578 43.25
    endloop
  endfacet
  facet normal 0.634866 -0.313076 0.706349
    outer loop
      vertex 2.77164 -1.14805 43.25
      vertex 2.07873 -0.861037 44
      vertex 2.59808 -1.5 43.25
    endloop
  endfacet
  facet normal -0.227525 0.670298 0.706352
    outer loop
      vertex -0.776457 2.89778 43.25
      vertex -0.861037 2.07873 44
      vertex -0.582342 2.17333 44
    endloop
  endfacet
  facet normal -0.313076 0.634866 0.706349
    outer loop
      vertex -1.14805 2.77164 43.25
      vertex -1.5 2.59808 43.25
      vertex -0.861037 2.07873 44
    endloop
  endfacet
  facet normal -0.670297 0.227537 0.706349
    outer loop
      vertex -2.77164 1.14805 43.25
      vertex -2.89778 0.776457 43.25
      vertex -2.07873 0.861037 44
    endloop
  endfacet
  facet normal -0.393275 0.58856 0.706351
    outer loop
      vertex -1.5 2.59808 43.25
      vertex -1.82628 2.38006 43.25
      vertex -1.36971 1.78504 44
    endloop
  endfacet
  facet normal 0.466724 -0.532203 0.706348
    outer loop
      vertex 1.59099 -1.59099 44
      vertex 1.82628 -2.38006 43.25
      vertex 2.12132 -2.12132 43.25
    endloop
  endfacet
  facet normal 0.466716 -0.532208 0.70635
    outer loop
      vertex 1.82628 -2.38006 43.25
      vertex 1.59099 -1.59099 44
      vertex 1.36971 -1.78504 44
    endloop
  endfacet
  facet normal 0.706348 -0.0463049 0.706348
    outer loop
      vertex 3 0 43.25
      vertex 2.25 0 44
      vertex 2.97433 -0.391578 43.25
    endloop
  endfacet
  facet normal 0.0463049 0.706348 0.706348
    outer loop
      vertex 0 3 43.25
      vertex 0 2.25 44
      vertex 0.391578 2.97433 43.25
    endloop
  endfacet
  facet normal 0.313076 0.634866 0.706349
    outer loop
      vertex 1.5 2.59808 43.25
      vertex 0.861037 2.07873 44
      vertex 1.125 1.94856 44
    endloop
  endfacet
  facet normal -0.046299 0.70635 0.706347
    outer loop
      vertex 0 2.25 44
      vertex -0.391578 2.97433 43.25
      vertex -0.293683 2.23075 44
    endloop
  endfacet
  facet normal -0.706348 -0.0463049 0.706348
    outer loop
      vertex -2.25 0 44
      vertex -3 0 43.25
      vertex -2.97433 -0.391578 43.25
    endloop
  endfacet
  facet normal -0.393275 -0.58856 0.706351
    outer loop
      vertex -1.36971 -1.78504 44
      vertex -1.82628 -2.38006 43.25
      vertex -1.5 -2.59808 43.25
    endloop
  endfacet
  facet normal 0.58856 0.393275 0.706351
    outer loop
      vertex 2.38006 1.82628 43.25
      vertex 1.78504 1.36971 44
      vertex 2.59808 1.5 43.25
    endloop
  endfacet
  facet normal -0.58856 0.393275 0.706351
    outer loop
      vertex -2.38006 1.82628 43.25
      vertex -2.59808 1.5 43.25
      vertex -1.78504 1.36971 44
    endloop
  endfacet
  facet normal -0.393285 -0.588557 0.706348
    outer loop
      vertex -1.36971 -1.78504 44
      vertex -1.5 -2.59808 43.25
      vertex -1.125 -1.94856 44
    endloop
  endfacet
  facet normal 0.670298 -0.227525 0.706352
    outer loop
      vertex 2.17333 -0.582342 44
      vertex 2.07873 -0.861037 44
      vertex 2.89778 -0.776457 43.25
    endloop
  endfacet
  facet normal 0.466724 0.532203 0.706348
    outer loop
      vertex 1.82628 2.38006 43.25
      vertex 1.59099 1.59099 44
      vertex 2.12132 2.12132 43.25
    endloop
  endfacet
  facet normal 0.466716 0.532208 0.70635
    outer loop
      vertex 1.59099 1.59099 44
      vertex 1.82628 2.38006 43.25
      vertex 1.36971 1.78504 44
    endloop
  endfacet
  facet normal -0.466716 -0.532208 0.70635
    outer loop
      vertex -1.59099 -1.59099 44
      vertex -1.82628 -2.38006 43.25
      vertex -1.36971 -1.78504 44
    endloop
  endfacet
  facet normal -0.466724 -0.532203 0.706348
    outer loop
      vertex -1.82628 -2.38006 43.25
      vertex -1.59099 -1.59099 44
      vertex -2.12132 -2.12132 43.25
    endloop
  endfacet
  facet normal 0.227537 0.670297 0.706349
    outer loop
      vertex 1.14805 2.77164 43.25
      vertex 0.776457 2.89778 43.25
      vertex 0.861037 2.07873 44
    endloop
  endfacet
  facet normal -0.706348 0.0463049 0.706348
    outer loop
      vertex -2.97433 0.391578 43.25
      vertex -3 0 43.25
      vertex -2.25 0 44
    endloop
  endfacet
  facet normal 0.393285 -0.588557 0.706348
    outer loop
      vertex 1.36971 -1.78504 44
      vertex 1.125 -1.94856 44
      vertex 1.5 -2.59808 43.25
    endloop
  endfacet
  facet normal 0.393275 0.58856 0.706351
    outer loop
      vertex 1.5 2.59808 43.25
      vertex 1.36971 1.78504 44
      vertex 1.82628 2.38006 43.25
    endloop
  endfacet
  facet normal -0.588557 0.393285 0.706348
    outer loop
      vertex -1.78504 1.36971 44
      vertex -2.59808 1.5 43.25
      vertex -1.94856 1.125 44
    endloop
  endfacet
  facet normal 0.670297 0.227537 0.706349
    outer loop
      vertex 2.77164 1.14805 43.25
      vertex 2.07873 0.861037 44
      vertex 2.89778 0.776457 43.25
    endloop
  endfacet
  facet normal -0.634866 0.313076 0.706349
    outer loop
      vertex -1.94856 1.125 44
      vertex -2.59808 1.5 43.25
      vertex -2.07873 0.861037 44
    endloop
  endfacet
  facet normal 0.532202 0.466723 0.70635
    outer loop
      vertex 2.12132 2.12132 43.25
      vertex 1.78504 1.36971 44
      vertex 2.38006 1.82628 43.25
    endloop
  endfacet
  facet normal 0.53221 0.466718 0.706348
    outer loop
      vertex 1.78504 1.36971 44
      vertex 2.12132 2.12132 43.25
      vertex 1.59099 1.59099 44
    endloop
  endfacet
  facet normal 0.634866 -0.313076 0.706349
    outer loop
      vertex 2.07873 -0.861037 44
      vertex 1.94856 -1.125 44
      vertex 2.59808 -1.5 43.25
    endloop
  endfacet
  facet normal 0.138102 0.694259 0.706351
    outer loop
      vertex 0.776457 2.89778 43.25
      vertex 0.293683 2.23075 44
      vertex 0.582342 2.17333 44
    endloop
  endfacet
  facet normal 0.670297 -0.227537 0.706349
    outer loop
      vertex 2.89778 -0.776457 43.25
      vertex 2.07873 -0.861037 44
      vertex 2.77164 -1.14805 43.25
    endloop
  endfacet
  facet normal 0.694259 -0.138102 0.706351
    outer loop
      vertex 2.23075 -0.293683 44
      vertex 2.17333 -0.582342 44
      vertex 2.89778 -0.776457 43.25
    endloop
  endfacet
  facet normal -0.670298 0.227525 0.706352
    outer loop
      vertex -2.07873 0.861037 44
      vertex -2.89778 0.776457 43.25
      vertex -2.17333 0.582342 44
    endloop
  endfacet
  facet normal 0.634866 0.313076 0.706349
    outer loop
      vertex 2.59808 1.5 43.25
      vertex 2.07873 0.861037 44
      vertex 2.77164 1.14805 43.25
    endloop
  endfacet
  facet normal -0.670297 -0.227537 0.706349
    outer loop
      vertex -2.07873 -0.861037 44
      vertex -2.89778 -0.776457 43.25
      vertex -2.77164 -1.14805 43.25
    endloop
  endfacet
  facet normal -0.694259 -0.138102 0.706351
    outer loop
      vertex -2.23075 -0.293683 44
      vertex -2.89778 -0.776457 43.25
      vertex -2.17333 -0.582342 44
    endloop
  endfacet
  facet normal 0.393275 -0.58856 0.706351
    outer loop
      vertex 1.82628 -2.38006 43.25
      vertex 1.36971 -1.78504 44
      vertex 1.5 -2.59808 43.25
    endloop
  endfacet
  facet normal -0.466716 0.532208 0.70635
    outer loop
      vertex -1.82628 2.38006 43.25
      vertex -1.59099 1.59099 44
      vertex -1.36971 1.78504 44
    endloop
  endfacet
  facet normal -0.466724 0.532203 0.706348
    outer loop
      vertex -1.59099 1.59099 44
      vertex -1.82628 2.38006 43.25
      vertex -2.12132 2.12132 43.25
    endloop
  endfacet
  facet normal 0.227537 -0.670297 0.706349
    outer loop
      vertex 0.861037 -2.07873 44
      vertex 0.776457 -2.89778 43.25
      vertex 1.14805 -2.77164 43.25
    endloop
  endfacet
  facet normal 0.694266 -0.138085 0.706347
    outer loop
      vertex 2.97433 -0.391578 43.25
      vertex 2.23075 -0.293683 44
      vertex 2.89778 -0.776457 43.25
    endloop
  endfacet
  facet normal 0.588557 0.393285 0.706348
    outer loop
      vertex 2.59808 1.5 43.25
      vertex 1.78504 1.36971 44
      vertex 1.94856 1.125 44
    endloop
  endfacet
  facet normal -0.694266 -0.138085 0.706347
    outer loop
      vertex -2.23075 -0.293683 44
      vertex -2.97433 -0.391578 43.25
      vertex -2.89778 -0.776457 43.25
    endloop
  endfacet
  facet normal 0.670298 0.227525 0.706352
    outer loop
      vertex 2.89778 0.776457 43.25
      vertex 2.07873 0.861037 44
      vertex 2.17333 0.582342 44
    endloop
  endfacet
  facet normal 0.532202 -0.466723 0.70635
    outer loop
      vertex 1.78504 -1.36971 44
      vertex 2.12132 -2.12132 43.25
      vertex 2.38006 -1.82628 43.25
    endloop
  endfacet
  facet normal 0.53221 -0.466718 0.706348
    outer loop
      vertex 2.12132 -2.12132 43.25
      vertex 1.78504 -1.36971 44
      vertex 1.59099 -1.59099 44
    endloop
  endfacet
  facet normal 0.634866 0.313076 0.706349
    outer loop
      vertex 2.59808 1.5 43.25
      vertex 1.94856 1.125 44
      vertex 2.07873 0.861037 44
    endloop
  endfacet
  facet normal -0.313076 -0.634866 0.706349
    outer loop
      vertex -1.125 -1.94856 44
      vertex -1.5 -2.59808 43.25
      vertex -0.861037 -2.07873 44
    endloop
  endfacet
  facet normal 0.0463049 -0.706348 0.706348
    outer loop
      vertex 0 -2.25 44
      vertex 0 -3 43.25
      vertex 0.391578 -2.97433 43.25
    endloop
  endfacet
  facet normal 0.138085 0.694266 0.706347
    outer loop
      vertex 0.391578 2.97433 43.25
      vertex 0.293683 2.23075 44
      vertex 0.776457 2.89778 43.25
    endloop
  endfacet
  facet normal -0.634866 -0.313076 0.706349
    outer loop
      vertex -2.07873 -0.861037 44
      vertex -2.77164 -1.14805 43.25
      vertex -2.59808 -1.5 43.25
    endloop
  endfacet
  facet normal 0.313076 -0.634866 0.706349
    outer loop
      vertex 1.125 -1.94856 44
      vertex 0.861037 -2.07873 44
      vertex 1.5 -2.59808 43.25
    endloop
  endfacet
  facet normal 0.588557 -0.393285 0.706348
    outer loop
      vertex 1.94856 -1.125 44
      vertex 1.78504 -1.36971 44
      vertex 2.59808 -1.5 43.25
    endloop
  endfacet
  facet normal -0.0463049 0.706348 0.706348
    outer loop
      vertex 0 3 43.25
      vertex -0.391578 2.97433 43.25
      vertex 0 2.25 44
    endloop
  endfacet
  facet normal -0.227537 -0.670297 0.706349
    outer loop
      vertex -0.861037 -2.07873 44
      vertex -1.14805 -2.77164 43.25
      vertex -0.776457 -2.89778 43.25
    endloop
  endfacet
  facet normal 0.138085 -0.694266 0.706347
    outer loop
      vertex 0.776457 -2.89778 43.25
      vertex 0.293683 -2.23075 44
      vertex 0.391578 -2.97433 43.25
    endloop
  endfacet
  facet normal -0.634866 -0.313076 0.706349
    outer loop
      vertex -2.07873 -0.861037 44
      vertex -2.59808 -1.5 43.25
      vertex -1.94856 -1.125 44
    endloop
  endfacet
  facet normal 0.227525 -0.670298 0.706352
    outer loop
      vertex 0.861037 -2.07873 44
      vertex 0.582342 -2.17333 44
      vertex 0.776457 -2.89778 43.25
    endloop
  endfacet
  facet normal 0.694266 0.138085 0.706347
    outer loop
      vertex 2.89778 0.776457 43.25
      vertex 2.23075 0.293683 44
      vertex 2.97433 0.391578 43.25
    endloop
  endfacet
  facet normal -0.0463049 -0.706348 0.706348
    outer loop
      vertex 0 -2.25 44
      vertex -0.391578 -2.97433 43.25
      vertex 0 -3 43.25
    endloop
  endfacet
  facet normal 0.046299 0.70635 0.706347
    outer loop
      vertex 0.391578 2.97433 43.25
      vertex 0 2.25 44
      vertex 0.293683 2.23075 44
    endloop
  endfacet
  facet normal -0.53221 0.466718 0.706348
    outer loop
      vertex -2.12132 2.12132 43.25
      vertex -1.78504 1.36971 44
      vertex -1.59099 1.59099 44
    endloop
  endfacet
  facet normal -0.532202 0.466723 0.70635
    outer loop
      vertex -1.78504 1.36971 44
      vertex -2.12132 2.12132 43.25
      vertex -2.38006 1.82628 43.25
    endloop
  endfacet
  facet normal -0.227525 -0.670298 0.706352
    outer loop
      vertex -0.582342 -2.17333 44
      vertex -0.861037 -2.07873 44
      vertex -0.776457 -2.89778 43.25
    endloop
  endfacet
  facet normal -0.393285 0.588557 0.706348
    outer loop
      vertex -1.125 1.94856 44
      vertex -1.5 2.59808 43.25
      vertex -1.36971 1.78504 44
    endloop
  endfacet
  facet normal 0.70635 0.046299 0.706347
    outer loop
      vertex 2.97433 0.391578 43.25
      vertex 2.23075 0.293683 44
      vertex 2.25 0 44
    endloop
  endfacet
  facet normal 0.694259 0.138102 0.706351
    outer loop
      vertex 2.89778 0.776457 43.25
      vertex 2.17333 0.582342 44
      vertex 2.23075 0.293683 44
    endloop
  endfacet
  facet normal 0.046299 -0.70635 0.706347
    outer loop
      vertex 0.293683 -2.23075 44
      vertex 0 -2.25 44
      vertex 0.391578 -2.97433 43.25
    endloop
  endfacet
  facet normal -0.313076 0.634866 0.706349
    outer loop
      vertex -0.861037 2.07873 44
      vertex -1.5 2.59808 43.25
      vertex -1.125 1.94856 44
    endloop
  endfacet
  facet normal -0.694259 0.138102 0.706351
    outer loop
      vertex -2.17333 0.582342 44
      vertex -2.89778 0.776457 43.25
      vertex -2.23075 0.293683 44
    endloop
  endfacet
  facet normal 0.58856 -0.393275 0.706351
    outer loop
      vertex 2.59808 -1.5 43.25
      vertex 1.78504 -1.36971 44
      vertex 2.38006 -1.82628 43.25
    endloop
  endfacet
  facet normal -0.53221 -0.466718 0.706348
    outer loop
      vertex -1.78504 -1.36971 44
      vertex -2.12132 -2.12132 43.25
      vertex -1.59099 -1.59099 44
    endloop
  endfacet
  facet normal -0.532202 -0.466723 0.70635
    outer loop
      vertex -2.12132 -2.12132 43.25
      vertex -1.78504 -1.36971 44
      vertex -2.38006 -1.82628 43.25
    endloop
  endfacet
  facet normal -0.227537 0.670297 0.706349
    outer loop
      vertex -0.776457 2.89778 43.25
      vertex -1.14805 2.77164 43.25
      vertex -0.861037 2.07873 44
    endloop
  endfacet
  facet normal -0.70635 0.046299 0.706347
    outer loop
      vertex -2.23075 0.293683 44
      vertex -2.97433 0.391578 43.25
      vertex -2.25 0 44
    endloop
  endfacet
  facet normal -0.694266 0.138085 0.706347
    outer loop
      vertex -2.89778 0.776457 43.25
      vertex -2.97433 0.391578 43.25
      vertex -2.23075 0.293683 44
    endloop
  endfacet
  facet normal 0.138102 -0.694259 0.706351
    outer loop
      vertex 0.582342 -2.17333 44
      vertex 0.293683 -2.23075 44
      vertex 0.776457 -2.89778 43.25
    endloop
  endfacet
  facet normal -0.046299 -0.70635 0.706347
    outer loop
      vertex -0.293683 -2.23075 44
      vertex -0.391578 -2.97433 43.25
      vertex 0 -2.25 44
    endloop
  endfacet
  facet normal -0.138102 -0.694259 0.706351
    outer loop
      vertex -0.582342 -2.17333 44
      vertex -0.776457 -2.89778 43.25
      vertex -0.293683 -2.23075 44
    endloop
  endfacet
  facet normal -0.313076 -0.634866 0.706349
    outer loop
      vertex -0.861037 -2.07873 44
      vertex -1.5 -2.59808 43.25
      vertex -1.14805 -2.77164 43.25
    endloop
  endfacet
  facet normal -0.138085 -0.694266 0.706347
    outer loop
      vertex -0.293683 -2.23075 44
      vertex -0.776457 -2.89778 43.25
      vertex -0.391578 -2.97433 43.25
    endloop
  endfacet
  facet normal 0 0 1
    outer loop
      vertex 2.23075 0.293683 44
      vertex 2.23075 -0.293683 44
      vertex 2.25 0 44
    endloop
  endfacet
  facet normal 0 0 1
    outer loop
      vertex 2.17333 0.582342 44
      vertex 2.23075 -0.293683 44
      vertex 2.23075 0.293683 44
    endloop
  endfacet
  facet normal 0 0 1
    outer loop
      vertex 2.17333 0.582342 44
      vertex 2.17333 -0.582342 44
      vertex 2.23075 -0.293683 44
    endloop
  endfacet
  facet normal 0 0 1
    outer loop
      vertex 2.07873 0.861037 44
      vertex 2.17333 -0.582342 44
      vertex 2.17333 0.582342 44
    endloop
  endfacet
  facet normal 0 0 1
    outer loop
      vertex 2.07873 0.861037 44
      vertex 2.07873 -0.861037 44
      vertex 2.17333 -0.582342 44
    endloop
  endfacet
  facet normal 0 0 1
    outer loop
      vertex 1.94856 1.125 44
      vertex 2.07873 -0.861037 44
      vertex 2.07873 0.861037 44
    endloop
  endfacet
  facet normal 0 0 1
    outer loop
      vertex 1.94856 1.125 44
      vertex 1.94856 -1.125 44
      vertex 2.07873 -0.861037 44
    endloop
  endfacet
  facet normal 0 0 1
    outer loop
      vertex 1.78504 1.36971 44
      vertex 1.94856 -1.125 44
      vertex 1.94856 1.125 44
    endloop
  endfacet
  facet normal 0 0 1
    outer loop
      vertex 1.78504 1.36971 44
      vertex 1.78504 -1.36971 44
      vertex 1.94856 -1.125 44
    endloop
  endfacet
  facet normal 0 0 1
    outer loop
      vertex 1.59099 1.59099 44
      vertex 1.78504 -1.36971 44
      vertex 1.78504 1.36971 44
    endloop
  endfacet
  facet normal 0 0 1
    outer loop
      vertex 1.59099 1.59099 44
      vertex 1.59099 -1.59099 44
      vertex 1.78504 -1.36971 44
    endloop
  endfacet
  facet normal 0 0 1
    outer loop
      vertex 1.36971 1.78504 44
      vertex 1.59099 -1.59099 44
      vertex 1.59099 1.59099 44
    endloop
  endfacet
  facet normal 0 0 1
    outer loop
      vertex 1.36971 1.78504 44
      vertex 1.36971 -1.78504 44
      vertex 1.59099 -1.59099 44
    endloop
  endfacet
  facet normal 0 0 1
    outer loop
      vertex 1.125 1.94856 44
      vertex 1.36971 -1.78504 44
      vertex 1.36971 1.78504 44
    endloop
  endfacet
  facet normal 0 0 1
    outer loop
      vertex 1.125 1.94856 44
      vertex 1.125 -1.94856 44
      vertex 1.36971 -1.78504 44
    endloop
  endfacet
  facet normal 0 0 1
    outer loop
      vertex 0.861037 2.07873 44
      vertex 1.125 -1.94856 44
      vertex 1.125 1.94856 44
    endloop
  endfacet
  facet normal 0 0 1
    outer loop
      vertex 0.861037 2.07873 44
      vertex 0.861037 -2.07873 44
      vertex 1.125 -1.94856 44
    endloop
  endfacet
  facet normal 0 0 1
    outer loop
      vertex 0.582342 2.17333 44
      vertex 0.861037 -2.07873 44
      vertex 0.861037 2.07873 44
    endloop
  endfacet
  facet normal 0 0 1
    outer loop
      vertex 0.582342 2.17333 44
      vertex 0.582342 -2.17333 44
      vertex 0.861037 -2.07873 44
    endloop
  endfacet
  facet normal 0 0 1
    outer loop
      vertex 0.293683 2.23075 44
      vertex 0.582342 -2.17333 44
      vertex 0.582342 2.17333 44
    endloop
  endfacet
  facet normal 0 0 1
    outer loop
      vertex 0.293683 2.23075 44
      vertex 0.293683 -2.23075 44
      vertex 0.582342 -2.17333 44
    endloop
  endfacet
  facet normal 0 0 1
    outer loop
      vertex 0 2.25 44
      vertex 0.293683 -2.23075 44
      vertex 0.293683 2.23075 44
    endloop
  endfacet
  facet normal 0 0 1
    outer loop
      vertex 0 2.25 44
      vertex 0 -2.25 44
      vertex 0.293683 -2.23075 44
    endloop
  endfacet
  facet normal -0 0 1
    outer loop
      vertex -0.293683 2.23075 44
      vertex 0 -2.25 44
      vertex 0 2.25 44
    endloop
  endfacet
  facet normal 0 0 1
    outer loop
      vertex -0.293683 2.23075 44
      vertex -0.293683 -2.23075 44
      vertex 0 -2.25 44
    endloop
  endfacet
  facet normal -0 0 1
    outer loop
      vertex -0.582342 2.17333 44
      vertex -0.293683 -2.23075 44
      vertex -0.293683 2.23075 44
    endloop
  endfacet
  facet normal 0 0 1
    outer loop
      vertex -0.582342 2.17333 44
      vertex -0.582342 -2.17333 44
      vertex -0.293683 -2.23075 44
    endloop
  endfacet
  facet normal -0 0 1
    outer loop
      vertex -0.861037 2.07873 44
      vertex -0.582342 -2.17333 44
      vertex -0.582342 2.17333 44
    endloop
  endfacet
  facet normal 0 0 1
    outer loop
      vertex -0.861037 2.07873 44
      vertex -0.861037 -2.07873 44
      vertex -0.582342 -2.17333 44
    endloop
  endfacet
  facet normal -0 0 1
    outer loop
      vertex -1.125 1.94856 44
      vertex -0.861037 -2.07873 44
      vertex -0.861037 2.07873 44
    endloop
  endfacet
  facet normal 0 0 1
    outer loop
      vertex -1.125 1.94856 44
      vertex -1.125 -1.94856 44
      vertex -0.861037 -2.07873 44
    endloop
  endfacet
  facet normal -0 0 1
    outer loop
      vertex -1.36971 1.78504 44
      vertex -1.125 -1.94856 44
      vertex -1.125 1.94856 44
    endloop
  endfacet
  facet normal 0 0 1
    outer loop
      vertex -1.36971 1.78504 44
      vertex -1.36971 -1.78504 44
      vertex -1.125 -1.94856 44
    endloop
  endfacet
  facet normal -0 0 1
    outer loop
      vertex -1.59099 1.59099 44
      vertex -1.36971 -1.78504 44
      vertex -1.36971 1.78504 44
    endloop
  endfacet
  facet normal 0 0 1
    outer loop
      vertex -1.59099 1.59099 44
      vertex -1.59099 -1.59099 44
      vertex -1.36971 -1.78504 44
    endloop
  endfacet
  facet normal -0 0 1
    outer loop
      vertex -1.78504 1.36971 44
      vertex -1.59099 -1.59099 44
      vertex -1.59099 1.59099 44
    endloop
  endfacet
  facet normal 0 0 1
    outer loop
      vertex -1.78504 1.36971 44
      vertex -1.78504 -1.36971 44
      vertex -1.59099 -1.59099 44
    endloop
  endfacet
  facet normal -0 0 1
    outer loop
      vertex -1.94856 1.125 44
      vertex -1.78504 -1.36971 44
      vertex -1.78504 1.36971 44
    endloop
  endfacet
  facet normal 0 0 1
    outer loop
      vertex -1.94856 1.125 44
      vertex -1.94856 -1.125 44
      vertex -1.78504 -1.36971 44
    endloop
  endfacet
  facet normal -0 0 1
    outer loop
      vertex -2.07873 0.861037 44
      vertex -1.94856 -1.125 44
      vertex -1.94856 1.125 44
    endloop
  endfacet
  facet normal 0 0 1
    outer loop
      vertex -2.07873 0.861037 44
      vertex -2.07873 -0.861037 44
      vertex -1.94856 -1.125 44
    endloop
  endfacet
  facet normal -0 0 1
    outer loop
      vertex -2.17333 0.582342 44
      vertex -2.07873 -0.861037 44
      vertex -2.07873 0.861037 44
    endloop
  endfacet
  facet normal 0 0 1
    outer loop
      vertex -2.17333 0.582342 44
      vertex -2.17333 -0.582342 44
      vertex -2.07873 -0.861037 44
    endloop
  endfacet
  facet normal -0 0 1
    outer loop
      vertex -2.23075 0.293683 44
      vertex -2.17333 -0.582342 44
      vertex -2.17333 0.582342 44
    endloop
  endfacet
  facet normal 0 0 1
    outer loop
      vertex -2.23075 0.293683 44
      vertex -2.23075 -0.293683 44
      vertex -2.17333 -0.582342 44
    endloop
  endfacet
  facet normal 0 -0 1
    outer loop
      vertex -2.23075 -0.293683 44
      vertex -2.23075 0.293683 44
      vertex -2.25 0 44
    endloop
  endfacet
  facet normal -0.588557 -0.393285 0.706348
    outer loop
      vertex -1.94856 -1.125 44
      vertex -2.59808 -1.5 43.25
      vertex -1.78504 -1.36971 44
    endloop
  endfacet
  facet normal -0.58856 -0.393275 0.706351
    outer loop
      vertex -1.78504 -1.36971 44
      vertex -2.59808 -1.5 43.25
      vertex -2.38006 -1.82628 43.25
    endloop
  endfacet
endsolid OpenSCAD_Model
